"./";"1";"application";"8";"495ff1d46db35533b38f5ea3bb0f6d47";NULL;"5467"
"./";"1";"dvelum";"8";"b82be6d3935c76ab60ffd64cb5d98dce";NULL;"5468"
"./application/";"1";"controllers";"8";"27a9539c6a34a6188b14fc1f1d5c2fdb";"5467";"5469"
"./application/controllers/";"1";"Trigger";"8";"f6bbdd7feabbb97c143cec62b5adc87e";"5469";"5470"
"./application/controllers/";"1";"Frontend";"8";"97d26139ef93286e7cb53b08277926ba";"5469";"5471"
"./application/controllers/";"1";"Backend";"8";"9c16a3091010ddc8f4154584121b8acd";"5469";"5472"
"./application/";"1";"library";"8";"433c9919b04d7a6fe8922fc003cfcfb8";"5467";"5473"
"./application/";"1";"models";"8";"dcddcb894a3b8d6527274fab45cefe76";"5467";"5474"
"./application/models/";"1";"Model";"8";"7c284b5d027d8636e2b6410ebf14f368";"5474";"5475"
"./dvelum/";"1";"app";"8";"f3fbb8e4f7ccae6326b618940eb9d252";"5468";"5476"
"./dvelum/app/";"1";"Install";"8";"122c542c43c99df97207fcf3f6195943";"5476";"5477"
"./dvelum/app/Install/";"0";"Controller.php";"8";"b2dfd33ecb7e4342a9bc68c828f41a6f";"5477";"5478"
"./dvelum/app/";"1";"Console";"8";"ac71b4f301b99508c1feffc38232fd91";"5476";"5479"
"./dvelum/app/Console/";"1";"Docs";"8";"faacfe70832a5e9d92a2714b046b63c0";"5479";"5480"
"./dvelum/app/Console/Docs/";"0";"Generate.php";"8";"c9a4b076f9dffcb97bbf7190f8134eeb";"5480";"5481"
"./dvelum/app/Console/";"1";"Orm";"8";"26c26266022615be408e4662bd3116ff";"5479";"5482"
"./dvelum/app/Console/Orm/";"0";"Build.php";"8";"fbd14ab708097188e968ba61c936d0e0";"5482";"5483"
"./dvelum/app/Console/";"0";"Action.php";"8";"309c6d2710dd681330661dd3b79208cf";"5479";"5484"
"./dvelum/app/Console/";"1";"Clear";"8";"c9fc0ca9af61485dec269f9f0e794c1d";"5479";"5485"
"./dvelum/app/Console/Clear/";"0";"Memory.php";"8";"3f3d8bef8e5b37ce62d487fe0ef07f94";"5485";"5486"
"./dvelum/app/";"1";"Trigger";"8";"f147dfff7b5aa50f753e90575cb8526a";"5476";"5487"
"./dvelum/app/Trigger/";"0";"Blocks.php";"8";"d6d4a371675cfee77ae1caa4909cb1fe";"5487";"5488"
"./dvelum/app/Trigger/";"0";"Menu.php";"8";"95956f889a1e52ed25da647ba0d865c8";"5487";"5489"
"./dvelum/app/Trigger/";"0";"Page.php";"8";"afb4669af23ede3d4961044eb1ab92ea";"5487";"5490"
"./dvelum/app/";"1";"Modules";"8";"0d003317ea6f831b1d5f200809e9c3bd";"5476";"5491"
"./dvelum/app/Modules/";"1";"Manager";"8";"e7dee6fad4d7d280d1ad2995ecd835dc";"5491";"5492"
"./dvelum/app/Modules/Manager/";"0";"Frontend.php";"8";"4795571eb60e67b8ab709e45619fa0be";"5492";"5493"
"./dvelum/app/Modules/";"0";"Generator.php";"8";"fd3cc5dec76a2b05debec05f226a799d";"5491";"5494"
"./dvelum/app/Modules/";"0";"Manager.php";"8";"33822bec65b1f178a76bf3f73110879c";"5491";"5495"
"./dvelum/app/";"1";"Cronjob";"8";"5690c60d58b68546ae9234a0f10c4201";"5476";"5496"
"./dvelum/app/Cronjob/";"0";"Abstract.php";"8";"14a15332cfcfda80410b35b0e2669669";"5496";"5497"
"./dvelum/app/Cronjob/";"0";"Test.php";"8";"f92d13dade7dc76ff3755c6c0411887d";"5496";"5498"
"./dvelum/app/";"1";"Router";"8";"5940c2b925cdf39a65bdc5933e865022";"5476";"5499"
"./dvelum/app/Router/";"0";"Path.php";"8";"aaa9ac2e4c6d4fa87035129f51b7209d";"5499";"5500"
"./dvelum/app/Router/";"0";"Module.php";"8";"05dfd7c0493850b11d052b912530c405";"5499";"5501"
"./dvelum/app/Router/";"0";"Config.php";"8";"e2c85216e68092f262890ac290348884";"5499";"5502"
"./dvelum/app/";"1";"User";"8";"b710f5dbedca7e7ad1ed2fe53e76d634";"5476";"5503"
"./dvelum/app/User/";"0";"Auth.php";"8";"a78ef926a3042cde07f11a029d037446";"5503";"5504"
"./dvelum/app/User/";"1";"Auth";"8";"70a65a925bb99ed2a433f949b0a17aab";"5503";"5505"
"./dvelum/app/User/Auth/";"0";"Abstract.php";"8";"fb84ae4c27f78e9271be015096fc3fb2";"5505";"5506"
"./dvelum/app/User/Auth/";"0";"Ldap.php";"8";"dcb00947f7d01be21c262d7a24df6b44";"5505";"5507"
"./dvelum/app/User/Auth/";"0";"Kerberos.php";"8";"6a6fc2beaae4f6e89ec1b4eb231d2d23";"5505";"5508"
"./dvelum/app/User/Auth/";"0";"Dvelum.php";"8";"c088e18787d84843db925cc1748b2d48";"5505";"5509"
"./dvelum/app/";"1";"Externals";"8";"070e2f35b531d197c8a57fc0f90aaa08";"5476";"5510"
"./dvelum/app/Externals/";"0";"Client.php";"8";"380b54c1b1572f46a876444ca6bd7b1d";"5510";"5511"
"./dvelum/app/Externals/";"0";"Installer.php";"8";"1f4fcc571145abcd790968f800591ef9";"5510";"5512"
"./dvelum/app/Externals/";"0";"Manager.php";"8";"6a8442589d9c85167ce0b71739248a00";"5510";"5513"
"./dvelum/app/";"1";"Model";"8";"4a86ed6897863cd0c9f1652cf2928d29";"5476";"5514"
"./dvelum/app/Model/";"0";"Blockmapping.php";"8";"15ba261f1a1cb0611870143f95ed276d";"5514";"5515"
"./dvelum/app/Model/";"0";"Medialib.php";"8";"1403bd1b912714e4511a2f855e9ad4ef";"5514";"5516"
"./dvelum/app/Model/";"0";"Blocks.php";"8";"bf4fcbc43d40e607fbc1b1524d99a2ef";"5514";"5517"
"./dvelum/app/Model/";"0";"Filestorage.php";"8";"808c8cab705dda77d7d56d4baf36af06";"5514";"5518"
"./dvelum/app/Model/";"0";"Menu.php";"8";"928e9d4e3ee6a4f8ca553eacde9e9dd9";"5514";"5519"
"./dvelum/app/Model/";"0";"Permissions.php";"8";"5b0fe35d2e79bfe4a198c2951b81a48e";"5514";"5520"
"./dvelum/app/Model/";"1";"Bgtask";"8";"19a253de5fe0562ad6f5f546f957a31c";"5514";"5521"
"./dvelum/app/Model/Bgtask/";"0";"Signal.php";"8";"fa2201f48c267d51ab10c4e5deaf4641";"5521";"5522"
"./dvelum/app/Model/";"0";"User.php";"8";"77e82ea505d3b736c1b7d35637bedad6";"5514";"5523"
"./dvelum/app/Model/";"0";"Historylog.php";"8";"b2f27e486a6a9290dfe53ea1ecf154b1";"5514";"5524"
"./dvelum/app/Model/";"0";"Links.php";"8";"7d2c8338222192fb86079ae520c0ee91";"5514";"5525"
"./dvelum/app/Model/";"0";"Page.php";"8";"b80316baa81f36add04e720afa1bd021";"5514";"5526"
"./dvelum/app/Model/";"1";"Acl";"8";"87724e43844b9f1714f0453c814b99d5";"5514";"5527"
"./dvelum/app/Model/Acl/";"0";"Simple.php";"8";"f0490c200f6ac2d4845de160abbfe247";"5527";"5528"
"./dvelum/app/Model/";"1";"Sysdocs";"8";"a6cc7d123c10b5a7d67eb66e45b9734e";"5514";"5529"
"./dvelum/app/Model/Sysdocs/";"0";"File.php";"8";"1e00781138d7765c0b7cf3c876dfddf6";"5529";"5530"
"./dvelum/app/Model/Sysdocs/";"0";"Class.php";"8";"dcd0104551d2294f42ab55f9452105cc";"5529";"5531"
"./dvelum/app/Model/";"0";"Vc.php";"8";"ead4582a52ebca0adb25107b730d9484";"5514";"5532"
"./dvelum/app/Model/";"0";"Mediacategory.php";"8";"db83338977384a21342eb827026b099a";"5514";"5533"
"./dvelum/app/Model/";"1";"Menu";"8";"953d894b27740732924d9b4dbe5c26d1";"5514";"5534"
"./dvelum/app/Model/Menu/";"0";"Item.php";"8";"d7086f59411123a7c2bfca5f32676926";"5534";"5535"
"./dvelum/app/Model/";"0";"Group.php";"8";"a1934abbbbe49ad98e8eee06d8b7fe46";"5514";"5536"
"./dvelum/app/";"0";"Block.php";"8";"6aaa8612705865ce969dce8f4c5bf417";"5476";"5537"
"./dvelum/app/";"0";"Router.php";"8";"747ec21680c6d65e94d4e1626b6ef2f6";"5476";"5538"
"./dvelum/app/";"0";"Dictionary.php";"8";"893387d6032f2e3f6f4ea6aa1d298422";"5476";"5539"
"./dvelum/app/";"0";"Application.php";"8";"e3f486e933ba6b07c8f87db70cbbe0af";"5476";"5540"
"./dvelum/app/";"0";"Eventmanager.php";"8";"0462d553a2a9a93b59b8cc3d47edd9d9";"5476";"5541"
"./dvelum/app/";"0";"User.php";"8";"f9a34547af7e7f3f4ec6fe63b0c1a5e7";"5476";"5542"
"./dvelum/app/";"1";"Designer";"8";"f76aa77d83647e80f63543da9c867fb7";"5476";"5543"
"./dvelum/app/Designer/";"0";"Manager.php";"8";"f9f39c26f693d84e4db30b7552271304";"5543";"5544"
"./dvelum/app/";"0";"Page.php";"8";"45b11fcdf15caad65d2746136173e263";"5476";"5545"
"./dvelum/app/";"1";"Acl";"8";"19ceb61d57b9931beb5afe4c82d11170";"5476";"5546"
"./dvelum/app/Acl/";"1";"Table";"8";"74c7ac32cc266383c224ae3de8fd8959";"5546";"5547"
"./dvelum/app/Acl/Table/";"0";"Simple.php";"8";"0f472e5de15fcb2160dcd50b73202256";"5547";"5548"
"./dvelum/app/";"1";"Frontend";"8";"3b0fb480bc7b7a791239478bbd8d6370";"5476";"5549"
"./dvelum/app/Frontend/";"1";"Console";"8";"a810e64f375509f96af6586530e97c43";"5549";"5550"
"./dvelum/app/Frontend/Console/";"0";"Controller.php";"8";"12d1cb882a789156736d5512d306250b";"5550";"5551"
"./dvelum/app/Frontend/";"1";"Controller";"8";"baef13576e9aab168f3b8b6b9924beda";"5549";"5552"
"./dvelum/app/Frontend/Controller/";"0";"Authorised.php";"8";"e63138f66177ff9e597f43331098c0b7";"5552";"5553"
"./dvelum/app/Frontend/Controller/";"0";"Backoffice.php";"8";"def4003ab55bd8073efcf0b201d31ea7";"5552";"5554"
"./dvelum/app/Frontend/";"0";"Controller.php";"8";"1bd67d132421149f10f9653447c6aeec";"5549";"5555"
"./dvelum/app/";"0";"Classmap.php";"8";"6d20a3174fbc289384183922a189ca61";"5476";"5556"
"./dvelum/app/";"0";"Mail.php";"8";"463de169de03c445e92f401caa17e669";"5476";"5557"
"./dvelum/app/";"1";"Backend";"8";"80f151de856d5f17751df71d49b6248e";"5476";"5558"
"./dvelum/app/Backend/";"1";"Mediaconfig";"8";"3c23c658477b8f55768e1a31c3ce3f01";"5558";"5559"
"./dvelum/app/Backend/Mediaconfig/";"0";"Controller.php";"8";"91d24936415fe576ca845b3c534e575b";"5559";"5560"
"./dvelum/app/Backend/";"1";"Modules";"8";"e819fa841c77b2b019e5aa12e9074e41";"5558";"5561"
"./dvelum/app/Backend/Modules/";"0";"Controller.php";"8";"c454ea1f113e61ebc681ee2a1cc1a64d";"5561";"5562"
"./dvelum/app/Backend/";"1";"Index";"8";"f796ea1000984ea06915c6c36a44e6af";"5558";"5563"
"./dvelum/app/Backend/Index/";"0";"Controller.php";"8";"aa10ecf14ab1e09a58ece8eb06d633d3";"5563";"5564"
"./dvelum/app/Backend/";"1";"History";"8";"f8f5ecb6b2995c731f0fac69b25fb1bd";"5558";"5565"
"./dvelum/app/Backend/History/";"0";"Controller.php";"8";"7f75f9a863908dd0b43eb7bd160d2f08";"5565";"5566"
"./dvelum/app/Backend/";"1";"Docs";"8";"11b2dcd932127321b8268d0d1b4d27f6";"5558";"5567"
"./dvelum/app/Backend/Docs/";"0";"Controller.php";"8";"fdbb1ffe445850340a785dd73e67f04c";"5567";"5568"
"./dvelum/app/Backend/";"1";"Medialib";"8";"a2de14023498a67be9892d971d7a0cfd";"5558";"5569"
"./dvelum/app/Backend/Medialib/";"0";"Controller.php";"8";"07ccfb683bcd1d6a14ecedcaf61ceaf9";"5569";"5570"
"./dvelum/app/Backend/";"1";"Filestorage";"8";"b000cb0bba93e9e2d5763f68b04c7d7e";"5558";"5571"
"./dvelum/app/Backend/Filestorage/";"0";"Controller.php";"8";"7e538e2a6ac4b72f7152719e3b596f8e";"5571";"5572"
"./dvelum/app/Backend/";"1";"User";"8";"49f5e3d4dc763a6502225fb5bacb9d3c";"5558";"5573"
"./dvelum/app/Backend/User/";"0";"Controller.php";"8";"bd41506cff24bfbd59514b7158c7e133";"5573";"5574"
"./dvelum/app/Backend/";"1";"Externals";"8";"12c1243ea27591f281ab5d9a930d9287";"5558";"5575"
"./dvelum/app/Backend/Externals/";"0";"Controller.php";"8";"72f5de092998634e4c4db0801dae50d5";"5575";"5576"
"./dvelum/app/Backend/";"1";"Error";"8";"fb44b26963be29d42be0fb06ce09668b";"5558";"5577"
"./dvelum/app/Backend/Error/";"1";"Log";"8";"2f7a0c42209c5af354cbf08f43ae0fe9";"5577";"5578"
"./dvelum/app/Backend/Error/Log/";"0";"Controller.php";"8";"c92ac57f56b6a29c0a6e345bd11307a7";"5578";"5579"
"./dvelum/app/Backend/";"0";"Router.php";"8";"a253970cdc62a2ed72f56bf38cc9fd78";"5558";"5580"
"./dvelum/app/Backend/";"1";"Permissions";"8";"b01417b2cd872550cfce09f4b052f5a0";"5558";"5581"
"./dvelum/app/Backend/Permissions/";"0";"Controller.php";"8";"9273d3b9b8f0bf9a79295c693b0eff60";"5581";"5582"
"./dvelum/app/Backend/";"1";"Vcs";"8";"cac005ab1ef36a2cfcc97982470c55c1";"5558";"5583"
"./dvelum/app/Backend/Vcs/";"0";"Controller.php";"8";"c1c50089a366475c3e899678e08cf01d";"5583";"5584"
"./dvelum/app/Backend/";"1";"Tasks";"8";"4c2b25f66338c024d9dc7431d7a5f717";"5558";"5585"
"./dvelum/app/Backend/Tasks/";"0";"Controller.php";"8";"36a1b44ae1040f031b343af135f7f07e";"5585";"5586"
"./dvelum/app/Backend/";"1";"Designer";"8";"ea02520768020ea2f2136036f7127571";"5558";"5587"
"./dvelum/app/Backend/Designer/";"0";"Sub.php";"8";"1389c5b3068b67a9aa3048c8a1c7776b";"5587";"5588"
"./dvelum/app/Backend/Designer/";"0";"Code.php";"8";"abbe5e0c3914e155bc1a97216c4428a3";"5587";"5589"
"./dvelum/app/Backend/Designer/";"1";"Generator";"8";"b443994b4e0e7a28a600051ef8cc02dc";"5587";"5590"
"./dvelum/app/Backend/Designer/Generator/";"1";"Component";"8";"88a76cdd3c399dd659c394aa1aeae515";"5590";"5591"
"./dvelum/app/Backend/Designer/Generator/Component/";"0";"Window.php";"8";"fac86d40d59a959084d9f1b0f8fc7b93";"5591";"5592"
"./dvelum/app/Backend/Designer/Generator/";"0";"Component.php";"8";"be924a63a4220fa4fdcff642d48c5e35";"5590";"5593"
"./dvelum/app/Backend/Designer/";"0";"Controller.php";"8";"37ccf3acd450123fc9eaf0a1746c2c1b";"5587";"5594"
"./dvelum/app/Backend/Designer/";"1";"Sub";"8";"a605ddd2bb3031dc6243190254cf8430";"5587";"5595"
"./dvelum/app/Backend/Designer/Sub/";"0";"Editor.php";"8";"7413f6e81728b888e436032b8c918b1c";"5595";"5596"
"./dvelum/app/Backend/Designer/Sub/";"0";"Gridcolumnevents.php";"8";"c29d2d09882b0800c120e2c5d01a7656";"5595";"5597"
"./dvelum/app/Backend/Designer/Sub/";"0";"Orm.php";"8";"ffe76af676dc0e3b6de5938ad30caa28";"5595";"5598"
"./dvelum/app/Backend/Designer/Sub/";"0";"Db.php";"8";"da57cbfe8b357f7df75cc96abcc4d606";"5595";"5599"
"./dvelum/app/Backend/Designer/Sub/";"1";"Column";"8";"59076216c34441860ac5f857c91883b3";"5595";"5600"
"./dvelum/app/Backend/Designer/Sub/Column/";"0";"Events.php";"8";"afa80e8a9285fa290758fda1b2c1ea53";"5600";"5601"
"./dvelum/app/Backend/Designer/Sub/";"0";"Store.php";"8";"4e0e91244ca3fa52bc1d25f77f69d132";"5595";"5602"
"./dvelum/app/Backend/Designer/Sub/";"0";"Events.php";"8";"a654c2859a615fb79299a8f53ef3a52d";"5595";"5603"
"./dvelum/app/Backend/Designer/Sub/";"0";"Gridcolumn.php";"8";"38cecb531e227d6471af3966126e64a4";"5595";"5604"
"./dvelum/app/Backend/Designer/Sub/";"0";"Actionjs.php";"8";"8662eb3eea65d6bad9013a6d2fcc0e4c";"5595";"5605"
"./dvelum/app/Backend/Designer/Sub/";"0";"Window.php";"8";"bb8b5f5d3f0d505f52b4ed7dfee0a97c";"5595";"5606"
"./dvelum/app/Backend/Designer/Sub/";"0";"Gridcolumnactions.php";"8";"7395b3a330fe033cdf8850699913e7a8";"5595";"5607"
"./dvelum/app/Backend/Designer/Sub/";"0";"Gridcolumnfilter.php";"8";"22a884b06ef8c987d074341936137509";"5595";"5608"
"./dvelum/app/Backend/Designer/Sub/";"0";"Code.php";"8";"f333a9f47d3716eb065f0ed9839cbbf8";"5595";"5609"
"./dvelum/app/Backend/Designer/Sub/";"0";"Grid.php";"8";"d288b3c88fc3a55b09acb25d42b915a0";"5595";"5610"
"./dvelum/app/Backend/Designer/Sub/";"0";"Storesubproperty.php";"8";"d03b2ca5d4d516a03121c67a5f61a614";"5595";"5611"
"./dvelum/app/Backend/Designer/Sub/";"0";"Gridcolumnactionevents.php";"8";"c09e62f927b1358abc331408ebc7535e";"5595";"5612"
"./dvelum/app/Backend/Designer/Sub/";"0";"Objects.php";"8";"ac38a48bb8cf204e56bcb059a7d425a0";"5595";"5613"
"./dvelum/app/Backend/Designer/Sub/";"0";"Project.php";"8";"a9b6524179c368cb72f251a75b3dbaf7";"5595";"5614"
"./dvelum/app/Backend/Designer/Sub/";"0";"Url.php";"8";"691b0cd8e61e9e4d3dbd88168308aaa9";"5595";"5615"
"./dvelum/app/Backend/Designer/Sub/";"0";"Fs.php";"8";"303c4b45f1523288030326106b674157";"5595";"5616"
"./dvelum/app/Backend/Designer/Sub/";"0";"Gridfilters.php";"8";"0bb0d2a98b0ffa4a8a4c862a061fa447";"5595";"5617"
"./dvelum/app/Backend/Designer/Sub/";"0";"Methods.php";"8";"9908d3842f7bddf66defeba90310dc8b";"5595";"5618"
"./dvelum/app/Backend/Designer/Sub/";"0";"Crudwindow.php";"8";"07003059da86684dea08b35d3d8a32fd";"5595";"5619"
"./dvelum/app/Backend/Designer/Sub/";"0";"Gridfilterevents.php";"8";"a1c9a57970c161fa30d9c83cc2a5a0f9";"5595";"5620"
"./dvelum/app/Backend/Designer/Sub/";"0";"Gridfilter.php";"8";"e3b2803280388063e0b4048a3cd3440a";"5595";"5621"
"./dvelum/app/Backend/Designer/Sub/";"0";"Filter.php";"8";"817b459ec23ae0ac84c5f624618b703e";"5595";"5622"
"./dvelum/app/Backend/Designer/Sub/";"0";"Datafield.php";"8";"367bf0533ee5f00ea0fe2535959ce16d";"5595";"5623"
"./dvelum/app/Backend/Designer/Sub/";"0";"Viewframe.php";"8";"51f5e16efad9f850a12d8a140491a369";"5595";"5624"
"./dvelum/app/Backend/Designer/Sub/";"0";"Model.php";"8";"a570384d1aa2c24764fc51f7ac1abdbb";"5595";"5625"
"./dvelum/app/Backend/Designer/Sub/";"0";"Gridcolumnfilterevents.php";"8";"41f1cd88429216ce247af14bfdb5f355";"5595";"5626"
"./dvelum/app/Backend/Designer/Sub/";"0";"Form.php";"8";"04a810903dd0faf8505a44f046c6ed1d";"5595";"5627"
"./dvelum/app/Backend/Designer/Sub/";"0";"Properties.php";"8";"6fb27b3e7ff5e9e6ffdcd35c380d9a26";"5595";"5628"
"./dvelum/app/Backend/Designer/";"0";"Debugger.php";"8";"d5a9dfbd12a282e393ae56c34d152845";"5587";"5629"
"./dvelum/app/Backend/Designer/";"0";"Import.php";"8";"c1fc13c312947d73c36fb3ca5b52e2ee";"5587";"5630"
"./dvelum/app/Backend/";"1";"Acl";"8";"694392ffeb7dfb0aee8d2173db8ce108";"5558";"5631"
"./dvelum/app/Backend/Acl/";"0";"Controller.php";"8";"4d477253aed07b9ae5e022eb802c681c";"5631";"5632"
"./dvelum/app/Backend/";"1";"Mediacategory";"8";"e047058490c5dbbcf3ffab41db82baf0";"5558";"5633"
"./dvelum/app/Backend/Mediacategory/";"0";"Controller.php";"8";"e377df913ba1b5cf1ffba5317cc0e1f6";"5633";"5634"
"./dvelum/app/Backend/";"1";"Logs";"8";"b6626aabeac592e7d5c59e3441b9025b";"5558";"5635"
"./dvelum/app/Backend/Logs/";"0";"Controller.php";"8";"921b10569543a8dfce634ee4b2ab079d";"5635";"5636"
"./dvelum/app/Backend/";"1";"Orm";"8";"7c3876102eaf5a754a67fc85fce9b125";"5558";"5637"
"./dvelum/app/Backend/Orm/";"0";"Dataview.php";"8";"c4d6c2c97f012bb3649b5da6ea0fcef9";"5637";"5638"
"./dvelum/app/Backend/Orm/";"1";"Connections";"8";"08d04d9e79a42f725a5cdcd923f75e86";"5637";"5639"
"./dvelum/app/Backend/Orm/Connections/";"0";"Controller.php";"8";"9a5b4069e7930b2674db4326acf0c2fe";"5639";"5640"
"./dvelum/app/Backend/Orm/Connections/";"0";"Manager.php";"8";"f23f034d6cac8497a0945eabd04cdaee";"5639";"5641"
"./dvelum/app/Backend/Orm/";"0";"Dictionary.php";"8";"5c344f6a18f1b2f6478a4af04e9de445";"5637";"5642"
"./dvelum/app/Backend/Orm/";"0";"Log.php";"8";"8ec1b25f99d47de988de75fe89f5ba40";"5637";"5643"
"./dvelum/app/Backend/Orm/";"0";"Controller.php";"8";"f24a09737a0b8eccc5e0dca3783f9c54";"5637";"5644"
"./dvelum/app/Backend/Orm/";"0";"Manager.php";"8";"f1ca71c4ca94e49c08b25f9cd0c2f639";"5637";"5645"
"./dvelum/app/Backend/Orm/";"1";"Dataview";"8";"3bdbfe9947866c2d95f7f0f29264e193";"5637";"5646"
"./dvelum/app/Backend/Orm/Dataview/";"0";"Editor.php";"8";"91b38292b91373a3a799a105f4034a4e";"5646";"5647"
"./dvelum/app/Backend/Orm/Dataview/";"1";"Editor";"8";"c2dee05d59b1bb34ca6a0be36dc5512a";"5646";"5648"
"./dvelum/app/Backend/Orm/Dataview/Editor/";"0";"Vc.php";"8";"36772b89a6dc3cfcaac516067d4c137d";"5648";"5649"
"./dvelum/app/Backend/";"1";"Controller";"8";"c9af42d7041988439716c0174917c5ab";"5558";"5650"
"./dvelum/app/Backend/Controller/";"1";"Crud";"8";"26b21dba76d79a13b0465f7456040ce7";"5650";"5651"
"./dvelum/app/Backend/Controller/Crud/";"0";"Vc.php";"8";"af8736759ae462e35b7f729299830002";"5651";"5652"
"./dvelum/app/Backend/Controller/";"0";"Crud.php";"8";"7f1e12451fa248684c84c24f0f537cf5";"5650";"5653"
"./dvelum/app/Backend/";"1";"Cache";"8";"f08b0cd652fb33fab142b5521bfd1838";"5558";"5654"
"./dvelum/app/Backend/Cache/";"0";"Controller.php";"8";"d3d5bff966747ab12032d780facd1402";"5654";"5655"
"./dvelum/app/Backend/Cache/";"0";"Manager.php";"8";"05bc24839300e6b18f5317fd39328045";"5654";"5656"
"./dvelum/app/Backend/";"1";"Localization";"8";"b124b1b7cc6958f1d0767cab8e8e3c52";"5558";"5657"
"./dvelum/app/Backend/Localization/";"0";"Controller.php";"8";"22fa4e9afd9efa58d44fc96017237a02";"5657";"5658"
"./dvelum/app/Backend/Localization/";"0";"Manager.php";"8";"f96bb67a79aba98b6934f7dcab12d2e4";"5657";"5659"
"./dvelum/app/Backend/";"1";"Blocks";"8";"a22d46b14381987c6297c30a090c5ae1";"5558";"5660"
"./dvelum/app/Backend/Blocks/";"0";"Controller.php";"8";"d2f5082f6b7c41a31872d2d0b7e03b08";"5660";"5661"
"./dvelum/app/Backend/";"0";"Controller.php";"8";"9b90172fdf5fe839d60897c4f975f665";"5558";"5662"
"./dvelum/app/Backend/";"1";"Page";"8";"1a2d4f017a945ea5606c860cacc705ec";"5558";"5663"
"./dvelum/app/Backend/Page/";"0";"Controller.php";"8";"22693725a7dfe15e8cc68ebf63716f74";"5663";"5664"
"./dvelum/app/Backend/";"1";"Reports";"8";"d8db3492e747dda4ea603bf693677dca";"5558";"5665"
"./dvelum/app/Backend/Reports/";"0";"Controller.php";"8";"aee48bed25dc58ffa6bc54758b23fee4";"5665";"5666"
"./dvelum/app/Backend/";"1";"Menu";"8";"57b3b02802e1726b5d8497214cbb524a";"5558";"5667"
"./dvelum/app/Backend/Menu/";"0";"Controller.php";"8";"82b50f375f702162a61cea2b2ae94383";"5667";"5668"
"./dvelum/app/";"1";"Sysdocs";"8";"7dd60b0d6b1f08a2af664908a58676df";"5476";"5669"
"./dvelum/app/Sysdocs/";"0";"Search.php";"8";"373a9d0a114af67625c60735ee20ffb2";"5669";"5670"
"./dvelum/app/Sysdocs/";"0";"Analyzer.php";"8";"863d1d77417ab462cd65e280c25b1927";"5669";"5671"
"./dvelum/app/Sysdocs/";"0";"Historyid.php";"8";"64dbc81e1718b1a860492b70238bdf09";"5669";"5672"
"./dvelum/app/Sysdocs/";"0";"Generator.php";"8";"e8bd7bd4272b0cce2e1f3b3a55b25416";"5669";"5673"
"./dvelum/app/Sysdocs/";"0";"Controller.php";"8";"574f4f0ce838f8b45aaf31c2533ad78b";"5669";"5674"
"./dvelum/app/Sysdocs/";"0";"Info.php";"8";"b22f4625af0025ddf3e03aa9a990fd3f";"5669";"5675"
"./dvelum/app/";"1";"Block";"8";"27669caef6232bf250feade1094f476b";"5476";"5676"
"./dvelum/app/Block/";"0";"Menu.php";"8";"dc583ff907d87550baf150e12710a551";"5676";"5677"
"./dvelum/app/Block/";"0";"Simple.php";"8";"df3de6f79d5c353a4319e57e4a058f1f";"5676";"5678"
"./dvelum/app/Block/";"1";"Menu";"8";"67390a3e6c23dfcc31c0457b093d3529";"5676";"5679"
"./dvelum/app/Block/Menu/";"0";"Footer.php";"8";"ebe9c2c44921975baa39ad876cf27421";"5679";"5680"
"./dvelum/app/Block/Menu/";"0";"Top.php";"8";"c934509ea149b58b9f246837055d4b42";"5679";"5681"
"./dvelum/app/";"1";"Dictionary";"8";"a9c94f678cecc1b24ffb650a16c1c9a0";"5476";"5682"
"./dvelum/app/Dictionary/";"0";"Manager.php";"8";"8f96f7dc3f71f35d8eaf4f97f32a8c61";"5682";"5683"
"./dvelum/app/";"0";"Trigger.php";"8";"e5af91a2e6f8518f181c95309f8a059e";"5476";"5684"
"./dvelum/app/";"1";"Cache";"8";"0beffb963c4cfdf8c05205c6c05a1b5f";"5476";"5685"
"./dvelum/app/Cache/";"0";"Manager.php";"8";"b332b48ff6d847fbeded90c691415b36";"5685";"5686"
"./dvelum/app/";"0";"Controller.php";"8";"13ef1c5b3587feab9c65ebef958348a2";"5476";"5687"
"./dvelum/app/";"1";"Task";"8";"63b78f1367946e1f0ea027a1361ed042";"5476";"5688"
"./dvelum/app/Task/";"1";"Cronjob";"8";"a241f2fbdcb90ae0739520d7fd4f87b7";"5688";"5689"
"./dvelum/app/Task/Cronjob/";"0";"Abstract.php";"8";"1f372759d46f4f4078beac43eb2dd652";"5689";"5690"
"./dvelum/app/Task/Cronjob/";"0";"Test.php";"8";"c2eca256cd67f19f96f2820addf227cb";"5689";"5691"
"./dvelum/app/Task/";"1";"Orm";"8";"a8bae70b261f4417f917996026fb8bb1";"5688";"5692"
"./dvelum/app/Task/Orm/";"0";"Encrypt.php";"8";"2e9588314a5e39ae8c6b2e93cd3f109a";"5692";"5693"
"./dvelum/app/Task/Orm/";"0";"Decrypt.php";"8";"d72c3dcecb25d782a64e3e4e7dc76f84";"5692";"5694"
"./dvelum/app/Task/";"0";"Recrop.php";"8";"3fd7440b6183cee331eee3ed91543b3a";"5688";"5695"
"./dvelum/app/Task/";"0";"Test.php";"8";"ed744b31ae260362446fd92d261b1352";"5688";"5696"
"./dvelum/app/";"1";"Db";"8";"c1e57817579fed246437ff78dc77ee60";"5476";"5697"
"./dvelum/app/Db/";"0";"Manager.php";"8";"f3840268ddd7a5f32af93c9f53a46f1d";"5697";"5698"
"./dvelum/app/";"0";"Blockmanager.php";"8";"939fb30f93c1673961ae7936fc5a6eba";"5476";"5699"
"./dvelum/";"1";"templates";"8";"6f04d3432c59d08809d6c88b042ad4cc";"5468";"5700"
"./dvelum/";"1";"library";"8";"a19952a6f3315784c79d8f0cecd0edf0";"5468";"5755"
"./dvelum/library/";"0";"Lang.php";"8";"f1f66619c362c9ede0b28e9ad0429979";"5755";"5756"
"./dvelum/library/";"1";"Image";"8";"6d57ff07780919ac5c4df6b7691ef0a0";"5755";"5757"
"./dvelum/library/Image/";"0";"Resize.php";"8";"897800cd74d22cebb6993510e4412395";"5757";"5758"
"./dvelum/library/";"1";"Code";"8";"6d3ee865d632d73742cc9c0304fbcfe7";"5755";"5759"
"./dvelum/library/Code/";"1";"Js";"8";"43f11315a30d0d17e37c2b8a5f372186";"5759";"5760"
"./dvelum/library/Code/Js/";"0";"Minify.php";"8";"0c3c18d2a3ba620f4fcb70fd788a8d55";"5760";"5761"
"./dvelum/library/";"0";"Store.php";"8";"d8e9cdb6bd23c2d1b29ae7c728c14c58";"5755";"5762"
"./dvelum/library/";"1";"Router";"8";"b020480a92c26627de37e7816a7dd448";"5755";"5763"
"./dvelum/library/Router/";"0";"Interface.php";"8";"bd2524d8daabad25b064108dbf90250b";"5763";"5764"
"./dvelum/library/";"0";"Debug.php";"8";"0fa24974b28ed2b299d48fff5d5f6ae5";"5755";"5765"
"./dvelum/library/";"0";"Utils.php";"8";"ad06b109d8417c925e14d9edccf95422";"5755";"5766"
"./dvelum/library/";"1";"Cron";"8";"217919a229f3d8255265f065079e2911";"5755";"5767"
"./dvelum/library/Cron/";"0";"Lock.php";"8";"760b690f069162827c82d3710e76f048";"5767";"5768"
"./dvelum/library/";"1";"Filestorage";"8";"857834593be02a36c8a2890015197a28";"5755";"5769"
"./dvelum/library/Filestorage/";"0";"Orm.php";"8";"d22ac110a85e1fbc29179bf6f70b7992";"5769";"5770"
"./dvelum/library/Filestorage/";"0";"Abstract.php";"8";"bbbf0364d95d9acae67873a11a966d63";"5769";"5771"
"./dvelum/library/Filestorage/";"0";"Simple.php";"8";"34bba7e07673d5b708ce260a92220165";"5769";"5772"
"./dvelum/library/";"0";"Registry.php";"8";"e069e637f992be2cf14b43b3f478eeb7";"5755";"5773"
"./dvelum/library/";"0";"Filestorage.php";"8";"ae716c4ecb32d93d5002cabf2f973f7c";"5755";"5774"
"./dvelum/library/";"1";"Config";"8";"676987421eaa66e2085c3a623c5a8270";"5755";"5775"
"./dvelum/library/Config/";"1";"File";"8";"e29b2c562c22508b52355d3a0bec0bab";"5775";"5776"
"./dvelum/library/Config/File/";"0";"Array.php";"8";"3cde039b1ef84fd4a3b0f51dba6858c3";"5776";"5777"
"./dvelum/library/Config/";"0";"Abstract.php";"8";"9d580e9598345b586760e394d93b004b";"5775";"5778"
"./dvelum/library/Config/";"0";"Simple.php";"8";"9887df25bf98b929a0dd237fa68853f0";"5775";"5779"
"./dvelum/library/Config/";"0";"File.php";"8";"8a254ad428b94591a01e1b6247da3394";"5775";"5780"
"./dvelum/library/Config/";"0";"Storage.php";"8";"3278ebd8d9da7d5fda244b47b992ca5b";"5775";"5781"
"./dvelum/library/";"1";"Converter";"8";"16f7fb59ebdeca4fc222fc9a9e884bc7";"5755";"5782"
"./dvelum/library/Converter/";"0";"Interface.php";"8";"833b7a9a7bdde882f8df020913e04876";"5782";"5783"
"./dvelum/library/Converter/";"0";"Ip2long.php";"8";"99726b3c8a4c84b1da95ce191c045bae";"5782";"5784"
"./dvelum/library/";"1";"Bgtask";"8";"4dbd0adcf4875e882b38295294d12586";"5755";"5785"
"./dvelum/library/Bgtask/";"1";"Launcher";"8";"ca217bcc0a4b385bf57712e15bf9ce3a";"5785";"5786"
"./dvelum/library/Bgtask/Launcher/";"0";"Local.php";"8";"a3177d7a45f7a711e6045c9d73899443";"5786";"5787"
"./dvelum/library/Bgtask/Launcher/";"0";"Simple.php";"8";"950300dab0afdfa07f0d5891e4e7c4c7";"5786";"5788"
"./dvelum/library/Bgtask/Launcher/";"1";"Local";"8";"486f5264a99c4955d028fb650d7140c1";"5786";"5789"
"./dvelum/library/Bgtask/Launcher/Local/";"0";"Json.php";"8";"1b75eac4cc38b8d98044ce1038714ac3";"5789";"5790"
"./dvelum/library/Bgtask/Launcher/Local/";"0";"Silent.php";"8";"93441cb9b1a07e86e47c40bd56f2ec48";"5789";"5791"
"./dvelum/library/Bgtask/";"0";"Abstract.php";"8";"d9b4af5e750c0973f6eb0274c18c2e36";"5785";"5792"
"./dvelum/library/Bgtask/";"0";"Log.php";"8";"77ad832bc31755679c30475714efed9b";"5785";"5793"
"./dvelum/library/Bgtask/";"1";"Log";"8";"2df2bd01027d3e8a217b659420e12aeb";"5785";"5794"
"./dvelum/library/Bgtask/Log/";"0";"File.php";"8";"3dfac400b8f06540a6e866fa0622c9a0";"5794";"5795"
"./dvelum/library/Bgtask/";"0";"Launcher.php";"8";"8c34b4eeb91b718a9e8d28fe48caab88";"5785";"5796"
"./dvelum/library/Bgtask/";"0";"Manager.php";"8";"f74056528137e48746efe178616ae2db";"5785";"5797"
"./dvelum/library/Bgtask/";"0";"Storage.php";"8";"2a7ea963af71948a738c08a63eb755cb";"5785";"5798"
"./dvelum/library/Bgtask/";"1";"Storage";"8";"3fc301b5c5e8b6c0a33a81da79a26281";"5785";"5799"
"./dvelum/library/Bgtask/Storage/";"0";"Orm.php";"8";"b9f10a4698b867908de9ca2f72f98fd4";"5799";"5800"
"./dvelum/library/";"1";"Upload";"8";"a69035f2032b5925f5b693935ec98df5";"5755";"5801"
"./dvelum/library/Upload/";"0";"Image.php";"8";"0d2ad60fae70bf0fa4d14f2207d49a46";"5801";"5802"
"./dvelum/library/Upload/";"0";"File.php";"8";"c0d0e2d66b4560532d384bed15e6372e";"5801";"5803"
"./dvelum/library/";"0";"Resource.php";"8";"e0e5098b95eb3fad9044f4bfe498cbc3";"5755";"5804"
"./dvelum/library/";"0";"Ext.php";"8";"bb4785a0d227e149db930e56d34c2c35";"5755";"5805"
"./dvelum/library/";"1";"Designer";"8";"5f4506fbdd3bc6235c84045ba6db015f";"5755";"5806"
"./dvelum/library/Designer/";"1";"Project";"8";"201b98d44fa2cd936d591e2d156b7793";"5806";"5807"
"./dvelum/library/Designer/Project/";"0";"Events.php";"8";"31ac5138ca4ffb111c699d2fe798a116";"5807";"5808"
"./dvelum/library/Designer/Project/";"0";"Code.php";"8";"dc52336f2d809ddf81e3d28b30c98923";"5807";"5809"
"./dvelum/library/Designer/Project/";"0";"Methods.php";"8";"7fcd60a853a3a75967511469cdcb4e5c";"5807";"5810"
"./dvelum/library/Designer/Project/";"0";"Container.php";"8";"e6883be14fbfb2c6de2ce123329eb6ac";"5807";"5811"
"./dvelum/library/Designer/Project/";"1";"Methods";"8";"95176bfce1d6190a6e682f38996b8920";"5807";"5812"
"./dvelum/library/Designer/Project/Methods/";"0";"Item.php";"8";"e63fb86fb35919d4c4d613a4249efb9b";"5812";"5813"
"./dvelum/library/Designer/";"0";"Project.php";"8";"d3b310710e0ca73dc014cbb1428bdd81";"5806";"5814"
"./dvelum/library/Designer/";"0";"Factory.php";"8";"41d9f3a2214536b00224c6f588c158c6";"5806";"5815"
"./dvelum/library/Designer/";"0";"Debugger.php";"8";"51d02355331e4ee160eec566d440b099";"5806";"5816"
"./dvelum/library/Designer/";"0";"Storage.php";"8";"7ccd8cd84f07ecbfae2fa07b745e86ff";"5806";"5817"
"./dvelum/library/Designer/";"1";"Storage";"8";"70af2f15ddf8a008b4406c50b38da515";"5806";"5818"
"./dvelum/library/Designer/Storage/";"1";"Adapter";"8";"97843200394ac8aaae952e380899b810";"5818";"5819"
"./dvelum/library/Designer/Storage/Adapter/";"0";"Abstract.php";"8";"e5fec30cfb227986530723a15f50c3e3";"5819";"5820"
"./dvelum/library/Designer/Storage/Adapter/";"0";"File.php";"8";"fd714379c1218221b4aa205c714343ef";"5819";"5821"
"./dvelum/library/";"1";"Ext";"8";"df09f91d84ae22111faa917e9cd51aeb";"5755";"5822"
"./dvelum/library/Ext/";"0";"Docked.php";"8";"f2f2a73222e6d87f6455e4bddd1fb635";"5822";"5823"
"./dvelum/library/Ext/";"1";"Data";"8";"cfe49b9e5db1f77ae6c08143c409497c";"5822";"5824"
"./dvelum/library/Ext/Data/";"0";"Store.php";"8";"f9bc7a0529aa35062504b7bb866b053f";"5824";"5825"
"./dvelum/library/Ext/Data/";"1";"Store";"8";"71166f1622049f1b5f0453bbeda88f34";"5824";"5826"
"./dvelum/library/Ext/Data/Store/";"0";"Tree.php";"8";"8b7f8b9f32406be5277afd832a473b8a";"5826";"5827"
"./dvelum/library/Ext/";"0";"Store.php";"8";"c083c3cfb8f7da6d5a7f410a5c50ed7b";"5822";"5828"
"./dvelum/library/Ext/";"0";"Object.php";"8";"5486f74be5333004f9338c5b4b195f98";"5822";"5829"
"./dvelum/library/Ext/";"1";"Property";"8";"7303b81144cc129fb9892eb2fc9f85d4";"5822";"5830"
"./dvelum/library/Ext/Property/";"0";"Docked.php";"8";"a06e5dfd0458faca59a2f20d2022696f";"5830";"5831"
"./dvelum/library/Ext/Property/";"1";"Data";"8";"065d620b08bb5c909b9a7bda25deee95";"5830";"5832"
"./dvelum/library/Ext/Property/Data/";"0";"Proxy.php";"8";"89eb522cafda846d1798cf74af5248bb";"5832";"5833"
"./dvelum/library/Ext/Property/Data/";"0";"Store.php";"8";"68912e291812961e68217f3a18703783";"5832";"5834"
"./dvelum/library/Ext/Property/Data/";"1";"Proxy";"8";"76bfce76ca633819e97205c19284130a";"5832";"5835"
"./dvelum/library/Ext/Property/Data/Proxy/";"0";"Rest.php";"8";"4ffffac8c677d94901cb2a29c7a4d120";"5835";"5836"
"./dvelum/library/Ext/Property/Data/Proxy/";"0";"Memory.php";"8";"1e58233f3e78515894d840aac840e75d";"5835";"5837"
"./dvelum/library/Ext/Property/Data/Proxy/";"0";"Localstorage.php";"8";"2ddbbec063e48410d579432faa5702b3";"5835";"5838"
"./dvelum/library/Ext/Property/Data/Proxy/";"0";"Direct.php";"8";"094b538983dbf7d0960362031d0ee4ca";"5835";"5839"
"./dvelum/library/Ext/Property/Data/Proxy/";"0";"Sessionstorage.php";"8";"b4180a8f1e16faa77b1dbb8b69b124e6";"5835";"5840"
"./dvelum/library/Ext/Property/Data/Proxy/";"0";"Webstorage.php";"8";"06eb057ed8b69b4362bd4e996e73e46f";"5835";"5841"
"./dvelum/library/Ext/Property/Data/Proxy/";"0";"Client.php";"8";"9ac416abb2f86d9c65bd2b95569db63e";"5835";"5842"
"./dvelum/library/Ext/Property/Data/Proxy/";"0";"Server.php";"8";"e8b2b94291b97738932322dabf862cfe";"5835";"5843"
"./dvelum/library/Ext/Property/Data/Proxy/";"0";"Jsonp.php";"8";"233a2d265d9bde0ea6557553e70e143e";"5835";"5844"
"./dvelum/library/Ext/Property/Data/Proxy/";"0";"Ajax.php";"8";"8b1f7ed82565a2b55ed25b81f37f5295";"5835";"5845"
"./dvelum/library/Ext/Property/Data/";"0";"Proxystore.php";"8";"b9be5b01ceca7ab66f65661fbc3463fd";"5832";"5846"
"./dvelum/library/Ext/Property/Data/";"0";"Writer.php";"8";"7e0fa87cb08b612275a80afdf504e4d5";"5832";"5847"
"./dvelum/library/Ext/Property/Data/";"0";"Reader.php";"8";"dae6583d964138fd9410ce8f9414b085";"5832";"5848"
"./dvelum/library/Ext/Property/Data/";"0";"Abstractstore.php";"8";"377cb79975ac885ed12951f3fc6313ff";"5832";"5849"
"./dvelum/library/Ext/Property/Data/";"1";"Store";"8";"a36badf7caa9a10c855a9dd5a747e736";"5832";"5850"
"./dvelum/library/Ext/Property/Data/Store/";"0";"Tree.php";"8";"35b879147e5b7aa3bb7bb5ceb06a5d99";"5850";"5851"
"./dvelum/library/Ext/Property/Data/";"1";"Reader";"8";"b4c7d3cd2ee33e6b0bf4c814e07bd206";"5832";"5852"
"./dvelum/library/Ext/Property/Data/Reader/";"0";"Json.php";"8";"b299de15573fdc5d998cdcacc9305f5e";"5852";"5853"
"./dvelum/library/Ext/Property/Data/Reader/";"0";"Array.php";"8";"0bbc685b5427888da2093a14536b84f6";"5852";"5854"
"./dvelum/library/Ext/Property/Data/Reader/";"0";"Xml.php";"8";"6a089238476d1fe4f283b7cabab89f3d";"5852";"5855"
"./dvelum/library/Ext/Property/Data/";"0";"Field.php";"8";"baeef853b1e871e5176a025f52b997fa";"5832";"5856"
"./dvelum/library/Ext/Property/Data/";"1";"Writer";"8";"40e8fde19dc80b0323c389144c7c1e19";"5832";"5857"
"./dvelum/library/Ext/Property/Data/Writer/";"0";"Json.php";"8";"85fa583e972ca30c026884ea8fec6fc7";"5857";"5858"
"./dvelum/library/Ext/Property/Data/Writer/";"0";"Xml.php";"8";"a314e8fc7d906a8e6c9b7af35f4ffbd5";"5857";"5859"
"./dvelum/library/Ext/Property/";"0";"Image.php";"8";"8c291efb1752f80c96f577765dcdb226";"5830";"5860"
"./dvelum/library/Ext/Property/";"0";"Store.php";"8";"7decf5fb9700eddb01060181e33214dd";"5830";"5861"
"./dvelum/library/Ext/Property/";"0";"Buttongroup.php";"8";"87de6e401f39be57571642556e740e6d";"5830";"5862"
"./dvelum/library/Ext/Property/";"0";"Instance.php";"8";"99e8a5f7f0729cdf73df15cf7cd95ebc";"5830";"5863"
"./dvelum/library/Ext/Property/";"1";"Grid";"8";"bf4de0006e28f2fe700fd4334495dd32";"5830";"5864"
"./dvelum/library/Ext/Property/Grid/";"0";"Column.php";"8";"62394e519013afff650713a9cdf39e37";"5864";"5865"
"./dvelum/library/Ext/Property/Grid/";"1";"Column";"8";"e7a5202025f910ef87ebcdced393d52e";"5864";"5866"
"./dvelum/library/Ext/Property/Grid/Column/";"0";"Check.php";"8";"44c389946f20ed59fff204df97093970";"5866";"5867"
"./dvelum/library/Ext/Property/Grid/Column/";"0";"Date.php";"8";"4f21f78fb1524d80dd64a402bed3fd21";"5866";"5868"
"./dvelum/library/Ext/Property/Grid/Column/";"0";"Number.php";"8";"c45195828a5ae67c42dd3ed733c5aefa";"5866";"5869"
"./dvelum/library/Ext/Property/Grid/Column/";"0";"Template.php";"8";"072ff92d5ff744ff102069f7e6df8e7c";"5866";"5870"
"./dvelum/library/Ext/Property/Grid/Column/";"0";"Action.php";"8";"49617d4801e721d19e3a050517949fd0";"5866";"5871"
"./dvelum/library/Ext/Property/Grid/Column/";"0";"Boolean.php";"8";"e05013f80ce8453b5a0061f3f2957586";"5866";"5872"
"./dvelum/library/Ext/Property/Grid/Column/";"1";"Action";"8";"61770a781e386e5d06954b4daa530098";"5866";"5873"
"./dvelum/library/Ext/Property/Grid/Column/Action/";"0";"Button.php";"8";"498ab8b2cff3c1b0889bf726ae2025ae";"5873";"5874"
"./dvelum/library/Ext/Property/Grid/";"0";"Feature.php";"8";"233a154d1a2c5a9b7b025312a5b40c68";"5864";"5875"
"./dvelum/library/Ext/Property/Grid/";"0";"View.php";"8";"ae0adbf55bb3f469efb23746e472881a";"5864";"5876"
"./dvelum/library/Ext/Property/Grid/";"1";"Filter";"8";"4b5c5ac79d94069d70a45c5ba730867a";"5864";"5877"
"./dvelum/library/Ext/Property/Grid/Filter/";"0";"Date.php";"8";"e3b6f3ec944934fe43c8976fb96bab2a";"5877";"5878"
"./dvelum/library/Ext/Property/Grid/Filter/";"0";"Number.php";"8";"235df23565fad6db5289fcc4b73015b9";"5877";"5879"
"./dvelum/library/Ext/Property/Grid/Filter/";"0";"List.php";"8";"688d91889582798088e4fc0fd687cfcf";"5877";"5880"
"./dvelum/library/Ext/Property/Grid/Filter/";"0";"Datetime.php";"8";"3d8792481b820875462dfecc813c07ee";"5877";"5881"
"./dvelum/library/Ext/Property/Grid/Filter/";"0";"String.php";"8";"6863f13bfbaa3c5abbe0246be6ae3085";"5877";"5882"
"./dvelum/library/Ext/Property/Grid/Filter/";"0";"Boolean.php";"8";"3cdb264b40ed36b823520b8674c74c7d";"5877";"5883"
"./dvelum/library/Ext/Property/Grid/";"0";"Filter.php";"8";"b7e987fa07305ed3d29ecc7afcf2d048";"5864";"5884"
"./dvelum/library/Ext/Property/Grid/";"0";"Filtersfeature.php";"8";"a748f30df860c1cd1fa7d85cc0114cd5";"5864";"5885"
"./dvelum/library/Ext/Property/";"0";"Menu.php";"8";"bfd1158591baed766d071088d0f1c949";"5830";"5886"
"./dvelum/library/Ext/Property/";"0";"Window.php";"8";"f6a3fc60303b86269c98b3b2a5337258";"5830";"5887"
"./dvelum/library/Ext/Property/";"1";"Form";"8";"89e41c073b1938b4043c21e13a56a0b5";"5830";"5888"
"./dvelum/library/Ext/Property/Form/";"1";"Field";"8";"09ef5183435b1ec3237671f6923a4b7f";"5888";"5889"
"./dvelum/library/Ext/Property/Form/Field/";"0";"Hidden.php";"8";"e781b2569252d04baf18f4885e66336c";"5889";"5890"
"./dvelum/library/Ext/Property/Form/Field/";"0";"Date.php";"8";"5ff2af557243dabd6fc614027b8b2252";"5889";"5891"
"./dvelum/library/Ext/Property/Form/Field/";"0";"Checkbox.php";"8";"c713eec65f4fc0e8a530c7fd451f0c22";"5889";"5892"
"./dvelum/library/Ext/Property/Form/Field/";"0";"Picker.php";"8";"7050abd2b0ab37050906165788d7beea";"5889";"5893"
"./dvelum/library/Ext/Property/Form/Field/";"0";"Display.php";"8";"7a1ce3612101ed4f5283e6fc379a72d8";"5889";"5894"
"./dvelum/library/Ext/Property/Form/Field/";"0";"Number.php";"8";"01289e1260c5bec2c7fff6d5860c1ad3";"5889";"5895"
"./dvelum/library/Ext/Property/Form/Field/";"0";"Text.php";"8";"9eb7fc9b9550bad1d5845f41f24e3456";"5889";"5896"
"./dvelum/library/Ext/Property/Form/Field/";"0";"Time.php";"8";"8f89804ac5dfc2691e1bbaad1208667f";"5889";"5897"
"./dvelum/library/Ext/Property/Form/Field/";"0";"Htmleditor.php";"8";"5b56a21304987a43c06f5fc244bcc362";"5889";"5898"
"./dvelum/library/Ext/Property/Form/Field/";"0";"Combobox.php";"8";"cc91dc1670e1f5514cac41e3b439ebab";"5889";"5899"
"./dvelum/library/Ext/Property/Form/Field/";"0";"Field.php";"8";"0cb49ae65c33b61572afcf93e9877016";"5889";"5900"
"./dvelum/library/Ext/Property/Form/Field/";"0";"Base.php";"8";"654785ecd56a3668b51b2b61fe5e6de1";"5889";"5901"
"./dvelum/library/Ext/Property/Form/Field/";"0";"Textarea.php";"8";"b0d8ce8d0280040f9408b7d915384dca";"5889";"5902"
"./dvelum/library/Ext/Property/Form/Field/";"0";"Radio.php";"8";"2299a9bd8cece9af50689293ccd08e93";"5889";"5903"
"./dvelum/library/Ext/Property/Form/Field/";"0";"Spinner.php";"8";"ef482bfb58af5eb7ca8e2f9995b4ae02";"5889";"5904"
"./dvelum/library/Ext/Property/Form/Field/";"0";"File.php";"8";"641e498891e83c56ddcd007409f49cdd";"5889";"5905"
"./dvelum/library/Ext/Property/Form/";"0";"Radiogroup.php";"8";"4e8849ec3d1231001cac1e1c2c2cf172";"5888";"5906"
"./dvelum/library/Ext/Property/Form/";"0";"Checkboxgroup.php";"8";"1d5578dbde80ddfc1bfe437412e8b64c";"5888";"5907"
"./dvelum/library/Ext/Property/Form/";"0";"Fieldset.php";"8";"5f698318f202a62e8bdb0e6f494c301e";"5888";"5908"
"./dvelum/library/Ext/Property/Form/";"0";"Labelable.php";"8";"29011f51b9e509cbd07e09ad9c3d0e38";"5888";"5909"
"./dvelum/library/Ext/Property/Form/";"0";"Fieldcontainer.php";"8";"4f8c22f9ea683525468051a5c056491a";"5888";"5910"
"./dvelum/library/Ext/Property/";"1";"Button";"8";"b16d549250f64b7bf5204c7cdd48e736";"5830";"5911"
"./dvelum/library/Ext/Property/Button/";"0";"Split.php";"8";"449845e18359b6ae144ff1b39096a645";"5911";"5912"
"./dvelum/library/Ext/Property/";"0";"View.php";"8";"1ce55fc71294e23cb961cad008259311";"5830";"5913"
"./dvelum/library/Ext/Property/";"1";"Component";"8";"f386397c3d3ef9d98929182f31e72db6";"5830";"5914"
"./dvelum/library/Ext/Property/Component/";"1";"Field";"8";"d2672c8f5f07252d3aeb30353982512a";"5914";"5915"
"./dvelum/library/Ext/Property/Component/Field/";"1";"System";"8";"57f44bfa74280f6f5580badaeb7d9e19";"5915";"5916"
"./dvelum/library/Ext/Property/Component/Field/System/";"0";"Related.php";"8";"e7340b80aacea83fe664f68b6ed9ffb6";"5916";"5917"
"./dvelum/library/Ext/Property/Component/Field/System/";"0";"Dictionary.php";"8";"6fec07fb5445ad2fc3906c5d75a817a8";"5916";"5918"
"./dvelum/library/Ext/Property/Component/Field/System/";"0";"Objectslist.php";"8";"64978e2e1d935a06699a39f236e5c8cb";"5916";"5919"
"./dvelum/library/Ext/Property/Component/Field/System/";"0";"Medialibhtml.php";"8";"07e9199ea503b7653550df587bbe26e9";"5916";"5920"
"./dvelum/library/Ext/Property/Component/Field/System/";"0";"Objectlink.php";"8";"55134053866c0a3e218d00a63ecc2ce7";"5916";"5921"
"./dvelum/library/Ext/Property/Component/Field/System/";"0";"Searchfield.php";"8";"fcd0ffe4445318efef8f3342f6fb2fb5";"5916";"5922"
"./dvelum/library/Ext/Property/Component/Field/System/";"0";"Medialibitem.php";"8";"b7e33c7f459b4a04f606a9a3891deefd";"5916";"5923"
"./dvelum/library/Ext/Property/Component/";"1";"Window";"8";"37638d7a3d2a8591c45e3e6ae751ad3f";"5914";"5924"
"./dvelum/library/Ext/Property/Component/Window/";"1";"System";"8";"66daf66335966cb9681c6464189e0d66";"5924";"5925"
"./dvelum/library/Ext/Property/Component/Window/System/";"1";"Crud";"8";"109a8222b0a2b5419bdd98afba2747e9";"5925";"5926"
"./dvelum/library/Ext/Property/Component/Window/System/Crud/";"0";"Vc.php";"8";"1670c694692c6a8a8217221612899310";"5926";"5927"
"./dvelum/library/Ext/Property/Component/Window/System/";"0";"Crud.php";"8";"4209da2e2ae6f28d54da819b760689c5";"5925";"5928"
"./dvelum/library/Ext/Property/Component/";"0";"Filter.php";"8";"92a34f5ada75a686dd044971343f3792";"5914";"5929"
"./dvelum/library/Ext/Property/";"0";"Grid.php";"8";"f3a5bc49137cabee590fa29309485350";"5830";"5930"
"./dvelum/library/Ext/Property/";"0";"Toolbar.php";"8";"8b0cf4734a5a591de5676f0ad4b5f865";"5830";"5931"
"./dvelum/library/Ext/Property/";"0";"Tabpanel.php";"8";"89e4a70d02211ee50d5d32fbafa8776e";"5830";"5932"
"./dvelum/library/Ext/Property/";"0";"Tree.php";"8";"b444303bdbf70bf40d6be21ae91aba32";"5830";"5933"
"./dvelum/library/Ext/Property/";"0";"Button.php";"8";"06d8518b1d4d221a133eed7192425c8e";"5830";"5934"
"./dvelum/library/Ext/Property/";"0";"Panel.php";"8";"b6270403d3b9d24ea1d3ce5b5d82255c";"5830";"5935"
"./dvelum/library/Ext/Property/";"0";"Component.php";"8";"9e5fa6e7050538704a22dcb9cfe2e70d";"5830";"5936"
"./dvelum/library/Ext/Property/";"0";"Container.php";"8";"59cb378fe4894ea98a823a07f3da6a5d";"5830";"5937"
"./dvelum/library/Ext/Property/";"1";"Menu";"8";"f7d9478a52e4aa7dacb06d6d47c54585";"5830";"5938"
"./dvelum/library/Ext/Property/Menu/";"0";"Colorpicker.php";"8";"06ee08e5e96144f2040526549238fd14";"5938";"5939"
"./dvelum/library/Ext/Property/Menu/";"0";"Item.php";"8";"308fd7713f3cdbe1bec2ee96fc0244b4";"5938";"5940"
"./dvelum/library/Ext/Property/Menu/";"0";"Datepicker.php";"8";"3e80c12501ca4bd60d5021296a32c1c8";"5938";"5941"
"./dvelum/library/Ext/Property/Menu/";"0";"Separator.php";"8";"e084217c2dfce18995943968e7af854a";"5938";"5942"
"./dvelum/library/Ext/Property/Menu/";"0";"Checkitem.php";"8";"c0322be8671439a492b24b695517c5fc";"5938";"5943"
"./dvelum/library/Ext/Property/";"0";"Model.php";"8";"9788b5b58beac8a90ef1b57d8c569f00";"5830";"5944"
"./dvelum/library/Ext/Property/";"1";"View";"8";"9066258bc206727d7035590f52027ccb";"5830";"5945"
"./dvelum/library/Ext/Property/View/";"0";"Table.php";"8";"5427985ded9108fd35ac5df67f644162";"5945";"5946"
"./dvelum/library/Ext/Property/";"1";"Toolbar";"8";"adddc32a8befb78a1b46403e50c588c7";"5830";"5947"
"./dvelum/library/Ext/Property/Toolbar/";"0";"Item.php";"8";"ee1b24161d491eff7f8a0eef8e9fadc0";"5947";"5948"
"./dvelum/library/Ext/Property/Toolbar/";"0";"Fill.php";"8";"c9d5ef9b3c153cb14473c3843265109b";"5947";"5949"
"./dvelum/library/Ext/Property/Toolbar/";"0";"Paging.php";"8";"1b8575761ebb8f139719f27276f8bb6e";"5947";"5950"
"./dvelum/library/Ext/Property/Toolbar/";"0";"Textitem.php";"8";"075d6856ec13cc1b01f1f439e91d9424";"5947";"5951"
"./dvelum/library/Ext/Property/Toolbar/";"0";"Separator.php";"8";"122a9a5357180370488315b9e2162c5b";"5947";"5952"
"./dvelum/library/Ext/Property/Toolbar/";"0";"Spacer.php";"8";"f48a3974cd57d0ee9e0a61b459a22315";"5947";"5953"
"./dvelum/library/Ext/Property/";"0";"Table.php";"8";"abcf7bd73dadd7c929ea15b2b0046d38";"5830";"5954"
"./dvelum/library/Ext/Property/";"0";"Form.php";"8";"bf40bbe7c168c372c4ebbf9fca56e3b2";"5830";"5955"
"./dvelum/library/Ext/";"0";"Events.php";"8";"f8be107db6d2fdb5f2b157b6541fb36f";"5822";"5956"
"./dvelum/library/Ext/";"1";"Grid";"8";"a12ac39ef53c9b8e29fcc3ac8d837a15";"5822";"5957"
"./dvelum/library/Ext/Grid/";"0";"Column.php";"8";"209cab37f6c34beb7eed167ac313a092";"5957";"5958"
"./dvelum/library/Ext/Grid/";"1";"Column";"8";"e24b05d146edfbeea57eae16fc19fe34";"5957";"5959"
"./dvelum/library/Ext/Grid/Column/";"0";"Check.php";"8";"f2f9ce31a343f513c4e1371b653f93af";"5959";"5960"
"./dvelum/library/Ext/Grid/Column/";"0";"Date.php";"8";"2d0dfe486e497cab73515b7175bde2ef";"5959";"5961"
"./dvelum/library/Ext/Grid/Column/";"0";"Number.php";"8";"4020e58966704827e500751354c1f690";"5959";"5962"
"./dvelum/library/Ext/Grid/Column/";"0";"Template.php";"8";"c53d465a2037a5394b7570f365161219";"5959";"5963"
"./dvelum/library/Ext/Grid/Column/";"0";"Action.php";"8";"064e3bf87e1c21fa2ed584a7343a9277";"5959";"5964"
"./dvelum/library/Ext/Grid/Column/";"0";"Boolean.php";"8";"b96411c6d82a98e8a1689137ff94b924";"5959";"5965"
"./dvelum/library/Ext/Grid/Column/";"1";"Action";"8";"df9c6ffc7fd22ae6fc0dd2570f3cf516";"5959";"5966"
"./dvelum/library/Ext/Grid/Column/Action/";"0";"Button.php";"8";"679597a4b1ce61d77004c0eaf7add91c";"5966";"5967"
"./dvelum/library/Ext/Grid/";"1";"Filter";"8";"f79dfd1f7e475212b7d7e7e69d0233cf";"5957";"5968"
"./dvelum/library/Ext/Grid/Filter/";"0";"Numeric.php";"8";"1b04f6732fdcd0e15edf67f822822ad3";"5968";"5969"
"./dvelum/library/Ext/Grid/Filter/";"0";"Date.php";"8";"4e418817c698143a849972c1274bdc93";"5968";"5970"
"./dvelum/library/Ext/Grid/Filter/";"0";"Number.php";"8";"f786c99c3978895cda42176c75cda408";"5968";"5971"
"./dvelum/library/Ext/Grid/Filter/";"0";"List.php";"8";"71806fa7307c1fb4bc03977c642fcd7d";"5968";"5972"
"./dvelum/library/Ext/Grid/Filter/";"0";"Datetime.php";"8";"85edab5c354d8b8f6e775f052c38f267";"5968";"5973"
"./dvelum/library/Ext/Grid/Filter/";"0";"String.php";"8";"1dc01a9c71e1c933fa4112683648e152";"5968";"5974"
"./dvelum/library/Ext/Grid/Filter/";"0";"Boolean.php";"8";"5a89e35285aa078e7bd6d73e21b8283d";"5968";"5975"
"./dvelum/library/Ext/Grid/";"0";"Filter.php";"8";"1778411e2aaf8743c61d7de23b8ba78b";"5957";"5976"
"./dvelum/library/Ext/Grid/";"0";"Filtersfeature.php";"8";"41cdc7810917285efa8015f72a036bef";"5957";"5977"
"./dvelum/library/Ext/";"1";"Model";"8";"43150449c1c7280f725669d74e51342c";"5822";"5978"
"./dvelum/library/Ext/Model/";"0";"Field.php";"8";"21ed9e285ad770fde2ca4e0a6c70344b";"5978";"5979"
"./dvelum/library/Ext/Model/";"0";"Association.php";"8";"8a0416add2243fb5a092e52360106dda";"5978";"5980"
"./dvelum/library/Ext/Model/";"0";"Validation.php";"8";"4228b763c8966120026739a5093cfab3";"5978";"5981"
"./dvelum/library/Ext/";"0";"Property.php";"8";"e60e3c721e970e35a9f080a93916efe8";"5822";"5982"
"./dvelum/library/Ext/";"1";"Component";"8";"df9d7bc4946ee79182e480c3c561cef1";"5822";"5983"
"./dvelum/library/Ext/Component/";"1";"Renderer";"8";"10143efa99b8aef7e9b3da4d7eb94adf";"5983";"5984"
"./dvelum/library/Ext/Component/Renderer/";"1";"System";"8";"249d65e2850459d0fc96c995c341de59";"5984";"5985"
"./dvelum/library/Ext/Component/Renderer/System/";"0";"Multiline.php";"8";"563f2ec7a4194b1091ad82e587c2e8ac";"5985";"5986"
"./dvelum/library/Ext/Component/Renderer/System/";"0";"Image.php";"8";"406095ddae982c51a4ce407c908073f4";"5985";"5987"
"./dvelum/library/Ext/Component/Renderer/System/";"0";"Updater.php";"8";"3a41f3c65068bd1d7def1929d5c35330";"5985";"5988"
"./dvelum/library/Ext/Component/Renderer/System/";"1";"User";"8";"e8c6fe583ae0cc9a3013b8f9b41f58ea";"5985";"5989"
"./dvelum/library/Ext/Component/Renderer/System/User/";"0";"Allchecked.php";"8";"bc210b12ca3ea1c110f8d2e56998f758";"5989";"5990"
"./dvelum/library/Ext/Component/Renderer/System/User/";"0";"Publish.php";"8";"1ba052536110cb1f37dba7064eed682d";"5989";"5991"
"./dvelum/library/Ext/Component/Renderer/System/";"0";"Checkbox.php";"8";"7745a2f226ea7e118453d31b4a21ba01";"5985";"5992"
"./dvelum/library/Ext/Component/Renderer/System/";"1";"Date";"8";"0f2a71854a9de21d361ba9e0e2b15e00";"5985";"5993"
"./dvelum/library/Ext/Component/Renderer/System/Date/";"0";"Ru.php";"8";"6f86644688f45af5d7ac8c3a8f0922f8";"5993";"5994"
"./dvelum/library/Ext/Component/Renderer/System/";"0";"Version.php";"8";"6bea060a140f53f4d25252c832a1f489";"5985";"5995"
"./dvelum/library/Ext/Component/Renderer/System/";"0";"Creator.php";"8";"8d0960fa29a230da2c820e4edcc811ba";"5985";"5996"
"./dvelum/library/Ext/Component/Renderer/System/";"0";"Url.php";"8";"5f0a587cd51a50fc157742e99d2874db";"5985";"5997"
"./dvelum/library/Ext/Component/Renderer/System/";"0";"Publish.php";"8";"97a92698ba3cad2b4c40d89bcf3fed76";"5985";"5998"
"./dvelum/library/Ext/Component/Renderer/System/";"1";"Money";"8";"0dc2ccc69d7018f812c9cc16a42a7056";"5985";"5999"
"./dvelum/library/Ext/Component/Renderer/System/Money/";"0";"Us.php";"8";"e77261871ed78a49d66f22598644d9f7";"5999";"6000"
"./dvelum/library/Ext/Component/";"1";"Field";"8";"64c8ddd09e2b91e80fc09ddb3a73e6d3";"5983";"6001"
"./dvelum/library/Ext/Component/Field/";"1";"System";"8";"9978192383e3dd3c6e4659d521237fe0";"6001";"6002"
"./dvelum/library/Ext/Component/Field/System/";"0";"Related.php";"8";"949aa80a841b4696b6db1c7209bb5c8d";"6002";"6003"
"./dvelum/library/Ext/Component/Field/System/";"0";"Dictionary.php";"8";"3383860359dc546431ed851a49d8ff8c";"6002";"6004"
"./dvelum/library/Ext/Component/Field/System/";"0";"Objectslist.php";"8";"931428bb603c9831d84724a4a8aa7b80";"6002";"6005"
"./dvelum/library/Ext/Component/Field/System/";"0";"Medialibhtml.php";"8";"e246acd9bf94ee29e7f970a77fc8e75a";"6002";"6006"
"./dvelum/library/Ext/Component/Field/System/";"0";"Objectlink.php";"8";"142e21867a85ef5e21632e3743e7fe98";"6002";"6007"
"./dvelum/library/Ext/Component/Field/System/";"0";"Searchfield.php";"8";"7729a8d407ce597afdc63df16ea7ec7d";"6002";"6008"
"./dvelum/library/Ext/Component/Field/System/";"0";"Medialibitem.php";"8";"b28a65a65f61baec058778f794a3bea4";"6002";"6009"
"./dvelum/library/Ext/Component/";"0";"Renderer.php";"8";"6fc8cb96973891f790ab5673101fc2bd";"5983";"6010"
"./dvelum/library/Ext/Component/";"1";"Dictionary";"8";"3136c7ef702f87571210e4d99a29509d";"5983";"6011"
"./dvelum/library/Ext/Component/Dictionary/";"0";"Renderer.php";"8";"1624acdf6668475325738211b5ef8f5b";"6011";"6012"
"./dvelum/library/Ext/Component/";"0";"Filter.php";"8";"ff3bc0a07dfefaf6b84b09e4061378c3";"5983";"6013"
"./dvelum/library/Ext/Component/";"0";"Field.php";"8";"0b10af2134fe8fc2eda30f817fb9e0b5";"5983";"6014"
"./dvelum/library/Ext/Component/";"1";"Abstract";"8";"723f53e03fc7b58f7bace75d7808a68c";"5983";"6015"
"./dvelum/library/Ext/Component/Abstract/";"1";"Renderer";"8";"635c2e9fe0e63dfeab1da493a2ab1e42";"6015";"6016"
"./dvelum/library/Ext/Component/Abstract/Renderer/";"0";"Dictionary.php";"8";"d81577b6e6b61b894e8ae69990542bd8";"6016";"6017"
"./dvelum/library/Ext/";"0";"Code.php";"8";"a66de7e9c5509cc40727a6a2b4058593";"5822";"6018"
"./dvelum/library/Ext/";"0";"Grid.php";"8";"db037ba6ef1730c613559f5634297443";"5822";"6019"
"./dvelum/library/Ext/";"0";"Factory.php";"8";"db9e0d992d393d22c8f76d3f0db02d69";"5822";"6020"
"./dvelum/library/Ext/";"0";"Virtual.php";"8";"e7eeb0d4c0ff7774d8df8044c8f37bf2";"5822";"6021"
"./dvelum/library/Ext/";"0";"Button.php";"8";"68a9978a24205c483e3f693c92ac1fa9";"5822";"6022"
"./dvelum/library/Ext/";"1";"Helper";"8";"1a583e5e388ba2ab407a43ab6d4d4050";"5822";"6023"
"./dvelum/library/Ext/Helper/";"1";"Grid";"8";"69c49a287317f285aae4366014d2febb";"6023";"6024"
"./dvelum/library/Ext/Helper/Grid/";"1";"Column";"8";"c9218931b57914849182d5102ae05619";"6024";"6025"
"./dvelum/library/Ext/Helper/Grid/Column/";"0";"Renderer.php";"8";"7f1d03f3cd9c071c2468338cd198c93b";"6025";"6026"
"./dvelum/library/Ext/";"0";"Config.php";"8";"c3f4de35057e226b94f48efa435415a7";"5822";"6027"
"./dvelum/library/Ext/";"0";"Model.php";"8";"f75137ad9fb131d90628576350b3c559";"5822";"6028"
"./dvelum/library/Ext/";"1";"Events";"8";"3efe4ec145b2fee95b31246938d0bb9e";"5822";"6029"
"./dvelum/library/Ext/Events/";"1";"Data";"8";"d0da6cfe1a63860b4a9d422772404c73";"6029";"6030"
"./dvelum/library/Ext/Events/Data/";"0";"Store.php";"8";"cccec967619d0ef163a6700948a19427";"6030";"6031"
"./dvelum/library/Ext/Events/Data/";"0";"Proxystore.php";"8";"267b0df827ffb87a58d95541b7d1dd70";"6030";"6032"
"./dvelum/library/Ext/Events/Data/";"0";"Abstractstore.php";"8";"1787c8e3232562aadbd519b7b6a29e37";"6030";"6033"
"./dvelum/library/Ext/Events/Data/";"1";"Store";"8";"4b96b9cf0966d65d8aaa2dc5eb30cc9b";"6030";"6034"
"./dvelum/library/Ext/Events/Data/Store/";"0";"Tree.php";"8";"a8c5fbf1ba565ade42dbc796ba8c9ced";"6034";"6035"
"./dvelum/library/Ext/Events/";"0";"Image.php";"8";"8fa273a6324dc2c38d295f916d79a1b5";"6029";"6036"
"./dvelum/library/Ext/Events/";"0";"Store.php";"8";"7f4a64211529e43fa465b9e35dc86993";"6029";"6037"
"./dvelum/library/Ext/Events/";"0";"Buttongroup.php";"8";"bcbe067f135b92c896c155092441f023";"6029";"6038"
"./dvelum/library/Ext/Events/";"1";"Grid";"8";"57955f4137ca3e3f9fd07668994af392";"6029";"6039"
"./dvelum/library/Ext/Events/Grid/";"0";"Column.php";"8";"51107a3a5428e26f8588329a2addc8c4";"6039";"6040"
"./dvelum/library/Ext/Events/Grid/";"1";"Column";"8";"8c3d63a2b51e804162abb78f103cc58a";"6039";"6041"
"./dvelum/library/Ext/Events/Grid/Column/";"0";"Check.php";"8";"dc9f6b90d0a7866337bad2f2429b0f31";"6041";"6042"
"./dvelum/library/Ext/Events/Grid/Column/";"0";"Date.php";"8";"89f6b351fa404614697f3d5167be7ea8";"6041";"6043"
"./dvelum/library/Ext/Events/Grid/Column/";"0";"Number.php";"8";"72691f77ad04d3f765f345c39a0a8ab8";"6041";"6044"
"./dvelum/library/Ext/Events/Grid/Column/";"0";"Template.php";"8";"2d2d3d653bbb19db56c0ad5b019231e0";"6041";"6045"
"./dvelum/library/Ext/Events/Grid/Column/";"0";"Action.php";"8";"42bdfa920f5f78300aee4c403fa01d5d";"6041";"6046"
"./dvelum/library/Ext/Events/Grid/Column/";"0";"Boolean.php";"8";"0fd6b0a34c7487808c9e2929b9082add";"6041";"6047"
"./dvelum/library/Ext/Events/Grid/Column/";"1";"Action";"8";"cf5a77e7206dd34c3e68c2a8b0e76399";"6041";"6048"
"./dvelum/library/Ext/Events/Grid/Column/Action/";"0";"Button.php";"8";"c453278ba41dc179b4ae79aec6209a0c";"6048";"6049"
"./dvelum/library/Ext/Events/Grid/";"1";"Filter";"8";"eff3c27e6c8bd70755ac3c81f2d54d21";"6039";"6050"
"./dvelum/library/Ext/Events/Grid/Filter/";"0";"Date.php";"8";"ae2532a58cde838a00b009a2f2f9589e";"6050";"6051"
"./dvelum/library/Ext/Events/Grid/Filter/";"0";"Number.php";"8";"9efbf98042067928c4f5c056493ee1a6";"6050";"6052"
"./dvelum/library/Ext/Events/Grid/Filter/";"0";"List.php";"8";"93a6f8aac4b79bf123b83813064972d0";"6050";"6053"
"./dvelum/library/Ext/Events/Grid/Filter/";"0";"Datetime.php";"8";"20bc920e26a3d2e0af776cfb84bfbb25";"6050";"6054"
"./dvelum/library/Ext/Events/Grid/Filter/";"0";"String.php";"8";"933fd88e5f982b58f90c73232b6c254a";"6050";"6055"
"./dvelum/library/Ext/Events/Grid/Filter/";"0";"Boolean.php";"8";"a948313a195af50fc4ca251e245186ae";"6050";"6056"
"./dvelum/library/Ext/Events/Grid/";"0";"Filter.php";"8";"208de8cde41ad4d1194b719fdefc2596";"6039";"6057"
"./dvelum/library/Ext/Events/";"0";"Menu.php";"8";"610419231de089685887378328f6d7f4";"6029";"6058"
"./dvelum/library/Ext/Events/";"0";"Window.php";"8";"539c292518c9f4b5ca53948431596aaa";"6029";"6059"
"./dvelum/library/Ext/Events/";"1";"Form";"8";"012a1f4dc9db20d4e27dc14531f19ad3";"6029";"6060"
"./dvelum/library/Ext/Events/Form/";"1";"Field";"8";"2e31ac85c7680e3901aebbc39380816b";"6060";"6061"
"./dvelum/library/Ext/Events/Form/Field/";"0";"Date.php";"8";"d1724be22bcebf0de68ecdfa2138c8bd";"6061";"6062"
"./dvelum/library/Ext/Events/Form/Field/";"0";"Checkbox.php";"8";"f997e96c4a8018fd92f46ce3b4643d9b";"6061";"6063"
"./dvelum/library/Ext/Events/Form/Field/";"0";"Picker.php";"8";"75dd75f6ef7edf4978e7a087df5d21e7";"6061";"6064"
"./dvelum/library/Ext/Events/Form/Field/";"0";"Display.php";"8";"8dcfef3145f495dddad911c3bc599f68";"6061";"6065"
"./dvelum/library/Ext/Events/Form/Field/";"0";"Number.php";"8";"c1d6be6847c818e8bc1d476ec5a848a5";"6061";"6066"
"./dvelum/library/Ext/Events/Form/Field/";"0";"Text.php";"8";"c960505325f49b0a6cabfa0bf6150346";"6061";"6067"
"./dvelum/library/Ext/Events/Form/Field/";"0";"Time.php";"8";"9132f8fa163812c45bda30f54001cce1";"6061";"6068"
"./dvelum/library/Ext/Events/Form/Field/";"0";"Htmleditor.php";"8";"af96b7449309c4ec9fbbf633cb2fe541";"6061";"6069"
"./dvelum/library/Ext/Events/Form/Field/";"0";"Combobox.php";"8";"3bfa566a68aaa77c9232e1af5386ca8d";"6061";"6070"
"./dvelum/library/Ext/Events/Form/Field/";"0";"Field.php";"8";"86e964a65a494447dec623e76ff836b9";"6061";"6071"
"./dvelum/library/Ext/Events/Form/Field/";"0";"Base.php";"8";"059eab217818485b515f7d8458f14ad6";"6061";"6072"
"./dvelum/library/Ext/Events/Form/Field/";"0";"Textarea.php";"8";"317a854cabffb8d7f6c01ed93593fc90";"6061";"6073"
"./dvelum/library/Ext/Events/Form/Field/";"0";"Radio.php";"8";"dda4a18493f3d336c609a76951b61484";"6061";"6074"
"./dvelum/library/Ext/Events/Form/Field/";"0";"Spinner.php";"8";"16171c26c72554cc38409383437e1a3c";"6061";"6075"
"./dvelum/library/Ext/Events/Form/Field/";"0";"File.php";"8";"96e791d9bc77378c5b73a82b6a783c8e";"6061";"6076"
"./dvelum/library/Ext/Events/Form/";"0";"Radiogroup.php";"8";"20f3f49f60183e947ad40b2796da70b1";"6060";"6077"
"./dvelum/library/Ext/Events/Form/";"0";"Checkboxgroup.php";"8";"0cdb95584d2a1965f91dc6c13e7a6db4";"6060";"6078"
"./dvelum/library/Ext/Events/Form/";"0";"Fieldset.php";"8";"a4224d1921937486c7fd7899d01574e5";"6060";"6079"
"./dvelum/library/Ext/Events/Form/";"0";"Fieldcontainer.php";"8";"c3add45627e16f4c0c3082801932ffcd";"6060";"6080"
"./dvelum/library/Ext/Events/";"1";"Button";"8";"61804e3786a170300a1fbc1862cda60e";"6029";"6081"
"./dvelum/library/Ext/Events/Button/";"0";"Split.php";"8";"0598a7cf8754e53ececdfd9b29563b02";"6081";"6082"
"./dvelum/library/Ext/Events/";"0";"View.php";"8";"b98d75a198f9f3462bb2c261e55f2ff8";"6029";"6083"
"./dvelum/library/Ext/Events/";"1";"Component";"8";"0fb8fd78fba6c412525d07af2a2c306f";"6029";"6084"
"./dvelum/library/Ext/Events/Component/";"1";"Field";"8";"1430ab6850315d42f5ef1e5778e9173c";"6084";"6085"
"./dvelum/library/Ext/Events/Component/Field/";"1";"System";"8";"48f29b01f8135908492fa98b31ee1a5d";"6085";"6086"
"./dvelum/library/Ext/Events/Component/Field/System/";"0";"Dictionary.php";"8";"c6e2d8d8e885326270a85ae7cb7155a1";"6086";"6087"
"./dvelum/library/Ext/Events/Component/Field/System/";"0";"Objectslist.php";"8";"ab121d8fae1555164f1b44451ce8ac69";"6086";"6088"
"./dvelum/library/Ext/Events/Component/Field/System/";"0";"Objectlink.php";"8";"7da85f94685a86c3625b687d51e3f57d";"6086";"6089"
"./dvelum/library/Ext/Events/Component/";"1";"Window";"8";"e906fc8e5ddc42733ddc34e04ab72e0e";"6084";"6090"
"./dvelum/library/Ext/Events/Component/Window/";"1";"System";"8";"00927d3a8bb6ad82e6f32b18f76dc2c2";"6090";"6091"
"./dvelum/library/Ext/Events/Component/Window/System/";"1";"Crud";"8";"0d0d01844f406242cf4c86f80e605176";"6091";"6092"
"./dvelum/library/Ext/Events/Component/Window/System/Crud/";"0";"Vc.php";"8";"16f01810e9ff36d459568560e842abe7";"6092";"6093"
"./dvelum/library/Ext/Events/Component/Window/System/";"0";"Crud.php";"8";"7939bdad174306ba574f1312d931a9c6";"6091";"6094"
"./dvelum/library/Ext/Events/";"0";"Grid.php";"8";"11f9ef5a9193234e5cae0663a90325e0";"6029";"6095"
"./dvelum/library/Ext/Events/";"0";"Toolbar.php";"8";"6b446f606f019d31c91f57faddc91b79";"6029";"6096"
"./dvelum/library/Ext/Events/";"0";"Tabpanel.php";"8";"5e9fe750f09eec8d33cef749cf547a4c";"6029";"6097"
"./dvelum/library/Ext/Events/";"0";"Tree.php";"8";"a082ab461b379153afb1c1a4014e4063";"6029";"6098"
"./dvelum/library/Ext/Events/";"0";"Button.php";"8";"f76c85c1dc23034e64100cceb16260bf";"6029";"6099"
"./dvelum/library/Ext/Events/";"0";"Panel.php";"8";"e1ac51b757a0514b1fe70e6b538572f7";"6029";"6100"
"./dvelum/library/Ext/Events/";"0";"Component.php";"8";"f138c900441b507fcf80ef5f851b4813";"6029";"6101"
"./dvelum/library/Ext/Events/";"0";"Container.php";"8";"6ee23b3ce8f3ac1f16514b005c32ecb1";"6029";"6102"
"./dvelum/library/Ext/Events/";"1";"Menu";"8";"c95e15959fbf5af690e6e5805b94cea6";"6029";"6103"
"./dvelum/library/Ext/Events/Menu/";"0";"Colorpicker.php";"8";"9239872c1275553b87daf56d02ea3346";"6103";"6104"
"./dvelum/library/Ext/Events/Menu/";"0";"Item.php";"8";"b2749696411b327b10920686263e5cf4";"6103";"6105"
"./dvelum/library/Ext/Events/Menu/";"0";"Datepicker.php";"8";"a8947ddbac21e58d4e65631709ae166d";"6103";"6106"
"./dvelum/library/Ext/Events/Menu/";"0";"Checkitem.php";"8";"7eb76c8fd240a00934883e757c80d09d";"6103";"6107"
"./dvelum/library/Ext/Events/";"1";"View";"8";"a075534c57b339750e57d62464215df9";"6029";"6108"
"./dvelum/library/Ext/Events/View/";"0";"Abstract.php";"8";"745170e6103f064f720bcfc9e682595f";"6108";"6109"
"./dvelum/library/Ext/Events/";"1";"Toolbar";"8";"5a5a18fc603bfc4be530b0f0424d4534";"6029";"6110"
"./dvelum/library/Ext/Events/Toolbar/";"0";"Item.php";"8";"efb92cdcd54fb3ab2779f7be57539553";"6110";"6111"
"./dvelum/library/Ext/Events/Toolbar/";"0";"Fill.php";"8";"6eaadcb29f20869beffd68147d5fcd69";"6110";"6112"
"./dvelum/library/Ext/Events/Toolbar/";"0";"Paging.php";"8";"341b55b6b592aa7ee068d5363ee6c11d";"6110";"6113"
"./dvelum/library/Ext/Events/Toolbar/";"0";"Textitem.php";"8";"86e69819b32e850e7539da004d8d0e9f";"6110";"6114"
"./dvelum/library/Ext/Events/Toolbar/";"0";"Separator.php";"8";"4b2830d95204aa528c76fdb1483edf58";"6110";"6115"
"./dvelum/library/Ext/Events/Toolbar/";"0";"Spacer.php";"8";"b3357ac7c855303a4629eb6193a6c48f";"6110";"6116"
"./dvelum/library/Ext/Events/";"0";"Table.php";"8";"d6f7074c86f7220853d4617be586b53f";"6029";"6117"
"./dvelum/library/Ext/Events/";"0";"Form.php";"8";"4c4eec1ecd5ef7891e5bbdfa1e19386b";"6029";"6118"
"./dvelum/library/Ext/";"1";"Object";"8";"ef8526acd7411dad2b7db925d68973a2";"5822";"6119"
"./dvelum/library/Ext/Object/";"0";"Instance.php";"8";"3c0ca71d77e4dc7159c31ba97f9b8c0e";"6119";"6120"
"./dvelum/library/";"0";"Upload.php";"8";"375d914024305950987d7139ee699d8a";"5755";"6121"
"./dvelum/library/";"1";"Export";"8";"53385b0681040cac1e7c033ac1630743";"5755";"6122"
"./dvelum/library/Export/";"0";"Layout.php";"8";"17046180c512cc30dfa0a0c1f5216581";"6122";"6123"
"./dvelum/library/Export/";"1";"Layout";"8";"c30c42f8fac09a033fc28b6b1502a96e";"6122";"6124"
"./dvelum/library/Export/Layout/";"1";"Table";"8";"6ed284d4d0ac8c55985b5adcc65c3176";"6124";"6125"
"./dvelum/library/Export/Layout/Table/";"0";"Csv.php";"8";"0a4649cb3383a16ab8928d3bd10e66da";"6125";"6126"
"./dvelum/library/Export/";"1";"Adapter";"8";"b2973d654dbf749862bc545324355d23";"6122";"6127"
"./dvelum/library/Export/Adapter/";"0";"Csv.php";"8";"be8daca49d654c6ade550ac9f2c313ef";"6127";"6128"
"./dvelum/library/Export/Adapter/";"0";"Abstract.php";"8";"dab84a327da2ce34c8c00fe693e3fb0b";"6127";"6129"
"./dvelum/library/";"0";"Tree.php";"8";"4f869573f03782695cc9e1daeac3099a";"5755";"6130"
"./dvelum/library/";"0";"Request.php";"8";"a3dd27d8afa767f24ea03bc57501775a";"5755";"6131"
"./dvelum/library/";"0";"Autoloader.php";"8";"454cc7b7cc1abee7f2ac869f7cc6d881";"5755";"6132"
"./dvelum/library/";"0";"Cache.php";"8";"72fed4aa4dba8e514ae74a7ec6557168";"5755";"6133"
"./dvelum/library/";"0";"Log.php";"8";"9b0a0cf6083eb97515d2051296e1a7e9";"5755";"6134"
"./dvelum/library/";"1";"Utils";"8";"3adba840aa46fe75d2335ae5e31d9e77";"5755";"6135"
"./dvelum/library/Utils/";"0";"Format.php";"8";"40cd23899f8433fa8c5d734166a31ad1";"6135";"6136"
"./dvelum/library/Utils/";"0";"Fs.php";"8";"51f08220510baba7e35e234ebee6ad32";"6135";"6137"
"./dvelum/library/Utils/";"0";"String.php";"8";"b240e69219f6c4cec33e2db50bbd7017";"6135";"6138"
"./dvelum/library/";"1";"Validator";"8";"2bc674a42141388f7440c460d8dbef65";"5755";"6139"
"./dvelum/library/Validator/";"0";"Interface.php";"8";"f1d59a8a3a08198436abb7b3942e32c9";"6139";"6140"
"./dvelum/library/Validator/";"0";"Alpha.php";"8";"25a44d38d13c675ca296aea8e94fec1c";"6139";"6141"
"./dvelum/library/Validator/";"0";"Alphanum.php";"8";"5526aefe796dbefad8cedf8f34291b34";"6139";"6142"
"./dvelum/library/Validator/";"0";"Pagecode.php";"8";"50193dae5612b01dd5544a47c1634adf";"6139";"6143"
"./dvelum/library/Validator/";"0";"Email.php";"8";"8434cc34424c0d8fcea673999d7d934b";"6139";"6144"
"./dvelum/library/Validator/";"0";"Ip2long.php";"8";"f310599f6bb0c4d9be4c57a2d5fc3d73";"6139";"6145"
"./dvelum/library/";"0";"Paginator.php";"8";"ec4a9aa0488d8169d7dd7aec43012cb9";"5755";"6146"
"./dvelum/library/";"0";"Template.php";"8";"05a39f85e22ea8d767382d650c27a7cc";"5755";"6147"
"./dvelum/library/";"1";"Cache";"8";"19af5757db10dfa432dbefbf8365e3cc";"5755";"6148"
"./dvelum/library/Cache/";"0";"Interface.php";"8";"1049f079a0293fc149b286bcf04de74d";"6148";"6149"
"./dvelum/library/Cache/";"0";"Memcached.php";"8";"0450e4844af674bf709054c107066dce";"6148";"6150"
"./dvelum/library/Cache/";"0";"Memcache.php";"8";"99613cc0512191378126a186456ea7dc";"6148";"6151"
"./dvelum/library/Cache/";"0";"Abstract.php";"8";"1e167ccae7de3a164bf7c95d18e3dcc2";"6148";"6152"
"./dvelum/library/";"0";"Filter.php";"8";"a5ecb75f4001770e9c3b3af153859252";"5755";"6154"
"./dvelum/library/";"1";"Store";"8";"b69bb64724842c7124d4f41c4aa4e0a4";"5755";"6155"
"./dvelum/library/Store/";"0";"Interface.php";"8";"7f5267b412821a3cfd59323c3eac7e6a";"6155";"6156"
"./dvelum/library/Store/";"0";"Session.php";"8";"7f19e7f07e9badcad66e4d2eb9dba32f";"6155";"6157"
"./dvelum/library/Store/";"0";"Local.php";"8";"f5248da2be1531070cbfb13aec760261";"6155";"6158"
"./dvelum/library/";"1";"Log";"8";"78b9152f11e7a51a119310e55e8d8a98";"5755";"6159"
"./dvelum/library/Log/";"0";"Db.php";"8";"8d577d53aca8060e70a203e50f3f24c4";"6159";"6160"
"./dvelum/library/Log/";"0";"Mixed.php";"8";"338da83432b614e8f0933aeb76342b5e";"6159";"6161"
"./dvelum/library/Log/";"0";"File.php";"8";"94dced942fa64c330ca2d238030fc842";"6159";"6162"
"./dvelum/library/";"0";"Config.php";"8";"3c3680094dbda385739a01bfea9b41a4";"5755";"6163"
"./dvelum/library/";"0";"Model.php";"8";"3ab35e844a43880524df3aabd02ccf06";"5755";"6164"
"./dvelum/library/";"1";"Db";"8";"16a4d51f2e531f97aaccfb90b6dc36ba";"5755";"6165"
"./dvelum/library/Db/";"1";"Query";"8";"c7053f7447da9a68aa211ce612ac6ff1";"6165";"6166"
"./dvelum/library/Db/Query/";"0";"Condition.php";"8";"4f3775d4c26bac9587d4dadc6120df12";"6166";"6167"
"./dvelum/library/Db/Query/";"0";"Part.php";"8";"048437e18570643a824a57bf1b3a2e3e";"6166";"6168"
"./dvelum/library/Db/Query/";"0";"Storage.php";"8";"0b2b4a6f87571c180d13e51db74e44bc";"6166";"6169"
"./dvelum/library/Db/Query/";"1";"Storage";"8";"c6ce9b48fcaf593d32527c1da1ac08e9";"6166";"6170"
"./dvelum/library/Db/Query/Storage/";"1";"Adapter";"8";"0073f1119a3ca3e95bb38265834f8c0c";"6170";"6171"
"./dvelum/library/Db/Query/Storage/Adapter/";"0";"Abstract.php";"8";"38e2a5da942e2193de04ebcbd2ee0569";"6171";"6172"
"./dvelum/library/Db/Query/Storage/Adapter/";"0";"File.php";"8";"0c5b8b324da68c974f8ea32bd93f6546";"6171";"6173"
"./dvelum/library/Db/";"0";"Object.php";"8";"68950c75d60a8542ef6abb717938fe12";"6165";"6174"
"./dvelum/library/Db/";"0";"Query.php";"8";"7f8b427954367db793db7bdba229df93";"6165";"6175"
"./dvelum/library/Db/";"1";"Manager";"8";"aee29b457536e2b2b3670d8388be4d33";"6165";"6176"
"./dvelum/library/Db/Manager/";"0";"Interface.php";"8";"23849ff083dd1ce9126a017c8773e33e";"6176";"6177"
"./dvelum/library/Db/";"1";"Select";"8";"3b9bf6b32950fee43f4494dde160ff3e";"6165";"6178"
"./dvelum/library/Db/Select/";"0";"Filter.php";"8";"8428cfdaffb922df867be768bf1a4779";"6178";"6179"
"./dvelum/library/Db/";"0";"Select.php";"8";"09245a6407e57c0ec6165b56e0122df0";"6165";"6180"
"./dvelum/library/Db/";"1";"Adapter";"8";"6eadc3c8c7145ae87d8e3f97ca295ec7";"6165";"6181"
"./dvelum/library/Db/Adapter/";"1";"Mysqli";"8";"fe3aaebff1242d0854524b64803e9101";"6181";"6182"
"./dvelum/library/Db/Adapter/Mysqli/";"0";"Statement.php";"8";"56d06cddefab98f56a58b217c40a4050";"6182";"6183"
"./dvelum/library/Db/Adapter/";"0";"Mysqli.php";"8";"c44a41ab148c82e99470027f7bad3fed";"6181";"6184"
"./dvelum/library/Db/";"1";"Object";"8";"5bfaac25b6b26fdb43a0fe3d619fa832";"6165";"6185"
"./dvelum/library/Db/Object/";"0";"Store.php";"8";"2d7a0be50f2e6915489ee2d415f94786";"6185";"6186"
"./dvelum/library/Db/Object/";"0";"Acl.php";"8";"c350e96bfbf4a64e221d7781a8690400";"6185";"6187"
"./dvelum/library/Db/Object/";"0";"Expert.php";"8";"110dfeb21628512b045472dbbfcd9566";"6185";"6188"
"./dvelum/library/Db/Object/";"1";"Config";"8";"14f2afed29293011c7b6ac8e927a6df1";"6185";"6189"
"./dvelum/library/Db/Object/Config/";"0";"Translator.php";"8";"adab0d03454c92948079d71b6c6df2a2";"6189";"6190"
"./dvelum/library/Db/Object/";"0";"Property.php";"8";"ba260a49b1189568616c7f8812ba2a87";"6185";"6191"
"./dvelum/library/Db/Object/";"0";"Builder.php";"8";"f8020ade035a188e168680479a669f1c";"6185";"6192"
"./dvelum/library/Db/Object/";"0";"Import.php";"8";"7c8da32fa7a36d275314d012dd96c496";"6185";"6193"
"./dvelum/library/Db/Object/";"0";"Manager.php";"8";"395f4de20510e6568bd59af35d7f6dd5";"6185";"6194"
"./dvelum/library/Db/Object/";"0";"Config.php";"8";"13704c383c197fd4148cf94717443bf5";"6185";"6195"
"./dvelum/library/Db/Object/";"1";"Event";"8";"793a4c5aa8a45db10a8a4ec0e729b56f";"6185";"6196"
"./dvelum/library/Db/Object/Event/";"0";"Manager.php";"8";"df75d5bfe471982712bf34d712935e41";"6196";"6197"
"./dvelum/library/";"0";"File.php";"8";"88c924fae3eeba3dbfd55b84246f3f74";"5755";"6198"
"./dvelum/library/";"1";"Template";"8";"612a6e1ca965aac4ed767868c21c081f";"5755";"6199"
"./dvelum/library/Template/";"0";"Storage.php";"8";"924bc459873438e90d1c0726ec4dc4bb";"6199";"6200"
"./dvelum/library/";"0";"Response.php";"8";"4826343566fe17c91b2564500b395673";"5755";"6201"
"./dvelum/library/";"0";"Export.php";"8";"8e916b4cab28d8f3e406bfcecc69905a";"5755";"6202"
"./dvelum/library/";"1";"Security";"8";"768a335d4e8b943fa686aebe49a29a3b";"5755";"6203"
"./dvelum/library/Security/";"0";"Csrf.php";"8";"8626fcf44c791e231c1bd0b1f0d15a2a";"6203";"6204"
