;"class";"5478";NULL;"8";"Install_Controller";;"0";"676e45c35c1ab2132520f1adffd44218";"0";"b2dfd33ecb7e4342a9bc68c828f41a6f";;;"3868"
"Class Console_Docs_Generate
Console Action
Generate new version of documentation";"class";"5481";"3871";"8";"Console_Docs_Generate";;"0";"6a233d80dc3b059a67cb6855b500996f";"0";"c9a4b076f9dffcb97bbf7190f8134eeb";;"Console_Action";"3869"
;"class";"5483";"3871";"8";"Console_Orm_Build";;"0";"2814af9102c5f9fe755c449f8cd7b46a";"0";"fbd14ab708097188e968ba61c936d0e0";;"Console_Action";"3870"
;"class";"5484";NULL;"8";"Console_Action";;"0";"8df630b89b7cf039fa63654a0214e178";"1";"309c6d2710dd681330661dd3b79208cf";;;"3871"
;"class";"5486";"3871";"8";"Console_Clear_Memory";;"0";"51d8766c9172c42b581a633c1a29bcce";"0";"3f3d8bef8e5b37ce62d487fe0ef07f94";;"Console_Action";"3872"
;"class";"5488";"4012";"8";"Trigger_Blocks";;"0";"457b73d10f21a6ffde33bc655b357d60";"0";"d6d4a371675cfee77ae1caa4909cb1fe";;"Trigger";"3873"
;"class";"5489";"4012";"8";"Trigger_Menu";;"0";"1cd43f5816f24b8cf4484e821507298c";"0";"95956f889a1e52ed25da647ba0d865c8";;"Trigger";"3874"
;"class";"5490";"4012";"8";"Trigger_Page";;"0";"4dc3ae2ce640843b3e03b364a3a83342";"0";"afb4669af23ede3d4961044eb1ab92ea";;"Trigger";"3875"
"Frontend modules manager";"class";"5493";"3878";"8";"Modules_Manager_Frontend";;"0";"dbf09311550dc31893bfd539ef79ef8f";"0";"4795571eb60e67b8ab709e45619fa0be";;"Modules_Manager";"3876"
;"class";"5494";NULL;"8";"Modules_Generator";;"0";"2b3c7218e487658f6e35c282d336e2d8";"0";"fd3cc5dec76a2b05debec05f226a799d";;;"3877"
"Frontend modules manager";"class";"5495";NULL;"8";"Modules_Manager";;"0";"3225760042b1566ea23bd8d4b6353c7b";"0";"33822bec65b1f178a76bf3f73110879c";;;"3878"
"Cronjob Base class";"class";"5497";NULL;"8";"Cronjob_Abstract";;"0";"e910bcbed364579a069424d85d52e484";"1";"14a15332cfcfda80410b35b0e2669669";;;"3879"
;"class";"5498";"3879";"8";"Cronjob_Test";;"0";"3bc0679155df70ffa1f733930f87d3d2";"0";"f92d13dade7dc76ff3755c6c0411887d";;"Cronjob_Abstract";"3880"
;"class";"5500";"3911";"8";"Router_Path";;"0";"cd4a07a35b0f105d8f903d3196804f6b";"0";"aaa9ac2e4c6d4fa87035129f51b7209d";"Router_Interface";"Router";"3881"
;"class";"5501";"3911";"8";"Router_Module";;"0";"5203ffa66a720965167283d9868ba43d";"0";"05dfd7c0493850b11d052b912530c405";"Router_Interface";"Router";"3882"
;"class";"5502";"3911";"8";"Router_Config";;"0";"24e272502c23e4a31b87a380c2d58e7d";"0";"e2c85216e68092f262890ac290348884";"Router_Interface";"Router";"3883"
"Factory class for auth providers";"class";"5504";NULL;"8";"User_Auth";;"0";"f428de9fe7affc0fecd2ca04f6b0e311";"0";"a78ef926a3042cde07f11a029d037446";;;"3884"
"Abstract class of User authentification provider.";"class";"5506";NULL;"8";"User_Auth_Abstract";;"0";"39c79cfab698f652b319705c3ff4f41b";"1";"fb84ae4c27f78e9271be015096fc3fb2";;;"3885"
"User Auth provider for LDAP.";"class";"5507";"3885";"8";"User_Auth_Ldap";;"0";"2c3120a6d0a49515c8fbd0e66613497e";"0";"dcb00947f7d01be21c262d7a24df6b44";;"User_Auth_Abstract";"3886"
"User Auth provider for Kerberos.";"class";"5508";"3885";"8";"User_Auth_Kerberos";;"0";"17ea8b78a7968825a5342f177aa40f1f";"0";"6a6fc2beaae4f6e89ec1b4eb231d2d23";;"User_Auth_Abstract";"3887"
"User Auth provider for internal Dvelum authentification (object User)";"class";"5509";"3885";"8";"User_Auth_Dvelum";;"0";"fb6994ac6bedbc6959edea90607f659d";"0";"c088e18787d84843db925cc1748b2d48";;"User_Auth_Abstract";"3888"
"Add-ons repository client";"class";"5511";NULL;"8";"Externals_Client";;"0";"04bd9c62598f4da034ec87ecec301df2";"0";"380b54c1b1572f46a876444ca6bd7b1d";;;"3889"
;"class";"5512";NULL;"8";"Externals_Installer";;"0";"5185b638a30459e5fc145c30dea7791f";"1";"1f4fcc571145abcd790968f800591ef9";;;"3890"
;"class";"5513";NULL;"8";"Externals_Manager";;"0";"2b4b9f2cfb401a721ab0d27a0063ab2c";"0";"6a8442589d9c85167ce0b71739248a00";;;"3891"
;"class";"5515";"4338";"8";"Model_Blockmapping";;"0";"6762476e3c8df28d17a7a5d714d15801";"0";"15ba261f1a1cb0611870143f95ed276d";;"Model";"3892"
;"class";"5516";"4338";"8";"Model_Medialib";;"0";"4b250187acb95f959c0f3872a25dfa9f";"0";"1403bd1b912714e4511a2f855e9ad4ef";;"Model";"3893"
;"class";"5517";"4338";"8";"Model_Blocks";;"0";"9f9b03a74875e42d0d61ce27be5bdfea";"0";"bf4fcbc43d40e607fbc1b1524d99a2ef";;"Model";"3894"
;"class";"5518";"4338";"8";"Model_Filestorage";;"0";"d4f6c04c762829ccb5cb80e1204988ce";"0";"808c8cab705dda77d7d56d4baf36af06";;"Model";"3895"
;"class";"5519";"4338";"8";"Model_Menu";;"0";"cbc2728a3a314d69cedf6fde9339ec13";"0";"928e9d4e3ee6a4f8ca553eacde9e9dd9";;"Model";"3896"
;"class";"5520";"4338";"8";"Model_Permissions";;"0";"006a40134c50a93b05be55e5348fca30";"0";"5b0fe35d2e79bfe4a198c2951b81a48e";;"Model";"3897"
;"class";"5522";"4338";"8";"Model_Bgtask_Signal";;"0";"fbfa4be5b3cb866bca831eaad381c4b6";"0";"fa2201f48c267d51ab10c4e5deaf4641";;"Model";"3898"
;"class";"5523";"4338";"8";"Model_User";;"0";"664afc60c498daa0907d3225c9a81a44";"0";"77e82ea505d3b736c1b7d35637bedad6";;"Model";"3899"
"History logger";"class";"5524";"4338";"8";"Model_Historylog";;"0";"7ad636a629d8616f26d68e0ac10c4224";"0";"b2f27e486a6a9290dfe53ea1ecf154b1";;"Model";"3900"
;"class";"5525";"4338";"8";"Model_Links";;"0";"799b1e1e17ff5c52e10204ed98dd085c";"0";"7d2c8338222192fb86079ae520c0ee91";;"Model";"3901"
"Pages Model";"class";"5526";"4338";"8";"Model_Page";;"0";"6226ba4a4d788f4b0109f5d3dc9cbfe4";"0";"b80316baa81f36add04e720afa1bd021";;"Model";"3902"
;"class";"5528";"4338";"8";"Model_Acl_Simple";;"0";"1cd128b7a2444b3639fb728fe74ca4c5";"0";"f0490c200f6ac2d4845de160abbfe247";;"Model";"3903"
;"class";"5530";"4338";"8";"Model_Sysdocs_File";;"0";"cd25185e603ae4ce444686ffa2f9347e";"0";"1e00781138d7765c0b7cf3c876dfddf6";;"Model";"3904"
;"class";"5531";"4338";"8";"Model_Sysdocs_Class";;"0";"2cdd08811248b9d4828158d69afa1234";"0";"dcd0104551d2294f42ab55f9452105cc";;"Model";"3905"
;"class";"5532";"4338";"8";"Model_Vc";;"0";"8c2e76faef55abdd030a1ef5aa2edb43";"0";"ead4582a52ebca0adb25107b730d9484";;"Model";"3906"
;"class";"5533";"4338";"8";"Model_Mediacategory";;"0";"d8014e31f87c8e27b64558c774dd367e";"0";"db83338977384a21342eb827026b099a";;"Model";"3907"
"Menu item model";"class";"5535";"4338";"8";"Model_Menu_Item";;"0";"cf4688338abc5d72ea453aea23a2d8ef";"0";"d7086f59411123a7c2bfca5f32676926";;"Model";"3908"
;"class";"5536";"4338";"8";"Model_Group";;"0";"4e17d50d45fb2f7a6b7ea31689237c68";"0";"a1934abbbbe49ad98e8eee06d8b7fe46";;"Model";"3909"
"Base class for page blocks";"class";"5537";NULL;"8";"Block";;"0";"ad3059856b283700b0224804ee928e92";"1";"6aaa8612705865ce969dce8f4c5bf417";;;"3910"
"Base class for routing of requests";"class";"5538";NULL;"8";"Router";;"0";"a1bf7cdfb843571bc2c4313b028d1edc";"1";"747ec21680c6d65e94d4e1626b6ef2f6";"Router_Interface";;"3911"
"System dictionary class
DVelum project http://code.google.com/p/dvelum/ , http://dvelum.net";"class";"5539";NULL;"8";"Dictionary";;"0";"9aaff4d92812d6f067d47f208f6e485d";"0";"893387d6032f2e3f6f4ea6aa1d298422";;;"3912"
"Application - is the main class that initializes system configuration
settings. The system starts working with running an object of this class.";"class";"5540";NULL;"8";"Application";;"0";"8e7a70d8fafa6c468ef98d50e9f92838";"0";"e3f486e933ba6b07c8f87db70cbbe0af";;;"3913"
"Manager for Db_Object events
DVelum project http://code.google.com/p/dvelum/ , http://dvelum.net";"class";"5541";"4360";"8";"Eventmanager";;"0";"366a2c5f20614fc2536b96d9ac2bdeb6";"0";"0462d553a2a9a93b59b8cc3d47edd9d9";;"Db_Object_Event_Manager";"3914"
"The class is used to identify the current system User.";"class";"5542";NULL;"8";"User";;"0";"0828a5a2995cc95c6ec792e3ca1456ad";"0";"f9a34547af7e7f3f4ec6fe63b0c1a5e7";;;"3915"
"Designer Factory Wrapper";"class";"5544";NULL;"8";"Designer_Manager";;"0";"86393391550884af070dfcf1c77fb549";"0";"f9f39c26f693d84e4db30b7552271304";;;"3916"
"The class is used for collecting the properties of
the page being displayed. The “Singleton” pattern
being implemented, it may be called just once from
anywhere within the application.";"class";"5545";NULL;"8";"Page";;"0";"2a398d0a6dd2838704c1eddacbe78c0c";"0";"45b11fcdf15caad65d2746136173e263";;;"3917"
"ACL adapter based on Db_Object
access permissions and DB table as storage";"class";"5548";"4352";"8";"Acl_Table_Simple";;"0";"ad860a1125e53eb0aaf914f2f1713b66";"0";"0f472e5de15fcb2160dcd50b73202256";;"Db_Object_Acl";"3918"
;"class";"5551";"3922";"8";"Frontend_Console_Controller";;"0";"45df6dc0e6773d74bb7462194c282373";"0";"12d1cb882a789156736d5512d306250b";;"Frontend_Controller";"3919"
;"class";"5553";"3922";"8";"Frontend_Controller_Authorised";;"0";"ce7af1eb627bd569ed09433a6de9ba23";"1";"e63138f66177ff9e597f43331098c0b7";;"Frontend_Controller";"3920"
;"class";"5554";"3997";"8";"Frontend_Controller_Backoffice";;"0";"ec810fb18d0854ef93e0cd95647a40ef";"1";"def4003ab55bd8073efcf0b201d31ea7";;"Backend_Controller";"3921"
;"class";"5555";"4014";"8";"Frontend_Controller";;"0";"df321af9e820ca13fc2c8ae46a09d9d0";"1";"1bd67d132421149f10f9653447c6aeec";;"Controller";"3922"
"Classmap builder";"class";"5556";NULL;"8";"Classmap";;"0";"7cfb8c3779ada4bbb4c1a7e856818f27";"0";"6d20a3174fbc289384183922a189ca61";;;"3923"
"Wrapper for Zend_Mail can attach inline images";"class";"5557";NULL;"8";"Mail";;"0";"f555b6eed5a720856647da71f17ef272";"0";"463de169de03c445e92f401caa17e669";;"Zend_Mail";"3924"
"Medialibrary configuration module controller
Backoffice UI";"class";"5560";"3997";"8";"Backend_Mediaconfig_Controller";;"0";"9607303f53a492f938a4e23764b7c75c";"0";"91d24936415fe576ca845b3c534e575b";;"Backend_Controller";"3925"
;"class";"5562";"3997";"8";"Backend_Modules_Controller";;"0";"782dcd32af68867852a3b8d827ee232e";"0";"c454ea1f113e61ebc681ee2a1cc1a64d";;"Backend_Controller";"3926"
"Default backoffice controller";"class";"5564";"3997";"8";"Backend_Index_Controller";;"0";"bd7123c9071b4b05d711504963e7a3da";"0";"aa10ecf14ab1e09a58ece8eb06d633d3";;"Backend_Controller";"3927"
;"class";"5566";"3997";"8";"Backend_History_Controller";;"0";"94dc20701704fb1312ca7e3ceed251c3";"0";"7f75f9a863908dd0b43eb7bd160d2f08";;"Backend_Controller";"3928"
;"class";"5568";"3997";"8";"Backend_Docs_Controller";;"0";"0bc1afc2baf8416a1eeee962d63dc2e8";"0";"fdbb1ffe445850340a785dd73e67f04c";"Router_Interface";"Backend_Controller";"3929"
;"class";"5570";"3997";"8";"Backend_Medialib_Controller";;"0";"1dfb0df2ddc9769f32f17c7f13b0b5b5";"0";"07ccfb683bcd1d6a14ecedcaf61ceaf9";;"Backend_Controller";"3930"
"Filestorage UI controller";"class";"5572";"3991";"8";"Backend_Filestorage_Controller";;"0";"0e95b528581227869f0665a1aea1a9eb";"0";"7e538e2a6ac4b72f7152719e3b596f8e";;"Backend_Controller_Crud";"3931"
"Users module UI Controller";"class";"5574";"3997";"8";"Backend_User_Controller";;"0";"d9a9ee19c859db1406f2a754e62b2c1e";"0";"bd41506cff24bfbd59514b7158c7e133";;"Backend_Controller";"3932"
;"class";"5576";"3997";"8";"Backend_Externals_Controller";;"0";"a55613ee14e19906bcc39c6bc4d597e9";"0";"72f5de092998634e4c4db0801dae50d5";;"Backend_Controller";"3933"
;"class";"5579";"3991";"8";"Backend_Error_Log_Controller";;"0";"3fac4c8e577a978462a2744541ca248a";"0";"c92ac57f56b6a29c0a6e345bd11307a7";;"Backend_Controller_Crud";"3934"
"Backoffice";"class";"5580";"3911";"8";"Backend_Router";;"0";"43a33133560dda5258c52908d5fbf267";"0";"a253970cdc62a2ed72f56bf38cc9fd78";"Router_Interface";"Router";"3935"
;"class";"5582";"3997";"8";"Backend_Permissions_Controller";;"0";"a32f004b890c7a7f894824ad82c0d55b";"0";"9273d3b9b8f0bf9a79295c693b0eff60";;"Backend_Controller";"3936"
;"class";"5584";"3997";"8";"Backend_Vcs_Controller";;"0";"3d6d96301742423c03436e5b4fe87d26";"0";"c1c50089a366475c3e899678e08cf01d";;"Backend_Controller";"3937"
"Background tasks module UI Controller";"class";"5586";"3997";"8";"Backend_Tasks_Controller";;"0";"64082ca7e01c7ffa1d7269424f89d1da";"0";"36a1b44ae1040f031b343af135f7f07e";;"Backend_Controller";"3938"
;"class";"5588";NULL;"8";"Backend_Designer_Sub";;"0";"85bd781fdef00dcaef85d581b16dcfc0";"0";"1389c5b3068b67a9aa3048c8a1c7776b";;;"3939"
;"class";"5589";NULL;"8";"Backend_Designer_Code";;"0";"507a919f311e29cabd3ec1b979c6ddff";"0";"abbe5e0c3914e155bc1a97216c4428a3";;;"3940"
;"class";"5592";NULL;"8";"Backend_Designer_Generator_Component_Window";;"0";"5abb6d94f567af0dc95147d6f1a35e9f";"0";"fac86d40d59a959084d9f1b0f8fc7b93";"Backend_Designer_Generator_Component";;"3941"
;"interface";"5593";NULL;"8";"Backend_Designer_Generator_Component";;"0";"ae9daae01d9f709cc422c7169453714a";"1";"be924a63a4220fa4fdcff642d48c5e35";;;"3942"
;"class";"5594";"3997";"8";"Backend_Designer_Controller";;"0";"18649c8753a83ab9c1077f6608ae1914";"0";"37ccf3acd450123fc9eaf0a1746c2c1b";;"Backend_Controller";"3943"
"Operations with Colum editor";"class";"5596";"3975";"8";"Backend_Designer_Sub_Editor";;"0";"373152c692aecb87e46722cb62bdd060";"0";"7413f6e81728b888e436032b8c918b1c";;"Backend_Designer_Sub_Properties";"3944"
"Events for grid columns";"class";"5597";"3948";"8";"Backend_Designer_Sub_Gridcolumnevents";;"0";"db16af46dd84fdcd323d543457cb166f";"0";"c29d2d09882b0800c120e2c5d01a7656";;"Backend_Designer_Sub_Column_Events";"3945"
;"class";"5598";"3939";"8";"Backend_Designer_Sub_Orm";;"0";"563396fcb3d9e65ee6c414c345da1547";"0";"ffe76af676dc0e3b6de5938ad30caa28";;"Backend_Designer_Sub";"3946"
;"class";"5599";"3939";"8";"Backend_Designer_Sub_Db";;"1";"83f98520b6f010e8d25d652d76d244cd";"0";"da57cbfe8b357f7df75cc96abcc4d606";;"Backend_Designer_Sub";"3947"
;"class";"5601";"3939";"8";"Backend_Designer_Sub_Column_Events";;"0";"60f57de6d888d5ebb383e6883d8e7d83";"1";"afa80e8a9285fa290758fda1b2c1ea53";;"Backend_Designer_Sub";"3948"
;"class";"5602";"3939";"8";"Backend_Designer_Sub_Store";;"0";"1150f4e6b25f1bc00e5677388484fd74";"0";"4e0e91244ca3fa52bc1d25f77f69d132";;"Backend_Designer_Sub";"3949"
;"class";"5603";"3939";"8";"Backend_Designer_Sub_Events";;"0";"69e7cf69db57a0b279150e83647f0d79";"0";"a654c2859a615fb79299a8f53ef3a52d";;"Backend_Designer_Sub";"3950"
;"class";"5604";"3939";"8";"Backend_Designer_Sub_Gridcolumn";;"0";"6368a3f7e07055405cda5b9361642ee5";"0";"38cecb531e227d6471af3966126e64a4";;"Backend_Designer_Sub";"3951"
;"class";"5605";"3939";"8";"Backend_Designer_Sub_Actionjs";;"0";"55aba27d2db92086576a5b58974c61d5";"0";"8662eb3eea65d6bad9013a6d2fcc0e4c";;"Backend_Designer_Sub";"3952"
;"class";"5606";"3939";"8";"Backend_Designer_Sub_Window";;"0";"4b0ddb613a972c2057ead83d64dde4cb";"0";"bb8b5f5d3f0d505f52b4ed7dfee0a97c";;"Backend_Designer_Sub";"3953"
;"class";"5607";"3939";"8";"Backend_Designer_Sub_Gridcolumnactions";;"0";"05cb8b8a6b384abd3e007ed5c1057d75";"0";"7395b3a330fe033cdf8850699913e7a8";;"Backend_Designer_Sub";"3954"
;"class";"5608";"3939";"8";"Backend_Designer_Sub_Gridcolumnfilter";;"0";"1c94ab68eed111e8e06ecebc65241222";"0";"22a884b06ef8c987d074341936137509";;"Backend_Designer_Sub";"3955"
;"class";"5609";"3939";"8";"Backend_Designer_Sub_Code";;"0";"9a2662ad31d8f735aca9e113580c99c2";"0";"f333a9f47d3716eb065f0ed9839cbbf8";;"Backend_Designer_Sub";"3956"
;"class";"5610";"3939";"8";"Backend_Designer_Sub_Grid";;"0";"aff3fcb866e2d7e32b51705996acf090";"0";"d288b3c88fc3a55b09acb25d42b915a0";;"Backend_Designer_Sub";"3957"
;"class";"5611";"3949";"8";"Backend_Designer_Sub_Storesubproperty";;"0";"8d6013eaf5fdf5759189097b02e8fcfb";"0";"d03b2ca5d4d516a03121c67a5f61a614";;"Backend_Designer_Sub_Store";"3958"
"Events for action column, migrated from DVelum 0.9.x";"class";"5612";"3948";"8";"Backend_Designer_Sub_Gridcolumnactionevents";;"0";"ebff9894636dfbfc715f3efd9e535370";"0";"c09e62f927b1358abc331408ebc7535e";;"Backend_Designer_Sub_Column_Events";"3959"
;"class";"5613";"3939";"8";"Backend_Designer_Sub_Objects";;"0";"2f408975adde4b33e74c82a5772a085c";"0";"ac38a48bb8cf204e56bcb059a7d425a0";;"Backend_Designer_Sub";"3960"
"Project controller";"class";"5614";"3939";"8";"Backend_Designer_Sub_Project";;"0";"f76888a410251fd514545b07e263c489";"0";"a9b6524179c368cb72f251a75b3dbaf7";;"Backend_Designer_Sub";"3961"
;"class";"5615";"3939";"8";"Backend_Designer_Sub_Url";;"0";"dc4aa89311d3b628adad6919ea9bcbfc";"0";"691b0cd8e61e9e4d3dbd88168308aaa9";;"Backend_Designer_Sub";"3962"
;"class";"5616";"3939";"8";"Backend_Designer_Sub_Fs";;"0";"da4162e783e24627cb249774e016175f";"0";"303c4b45f1523288030326106b674157";;"Backend_Designer_Sub";"3963"
;"class";"5617";"3939";"8";"Backend_Designer_Sub_Gridfilters";;"0";"e7daff362e3e4a466770d21cf7653474";"0";"0bb0d2a98b0ffa4a8a4c862a061fa447";;"Backend_Designer_Sub";"3964"
;"class";"5618";"3939";"8";"Backend_Designer_Sub_Methods";;"0";"d3f05193b995b81aa00bba866419114c";"0";"9908d3842f7bddf66defeba90310dc8b";;"Backend_Designer_Sub";"3965"
"Operations with CRUD window components";"class";"5619";"3939";"8";"Backend_Designer_Sub_Crudwindow";;"0";"f845e4e74f19bffdf11b5f2c6f709975";"0";"07003059da86684dea08b35d3d8a32fd";;"Backend_Designer_Sub";"3966"
;"class";"5620";"3939";"8";"Backend_Designer_Sub_Gridfilterevents";;"0";"81d83065f7a18e8faa4d9d7c84a062e8";"0";"a1c9a57970c161fa30d9c83cc2a5a0f9";;"Backend_Designer_Sub";"3967"
;"class";"5621";"3939";"8";"Backend_Designer_Sub_Gridfilter";;"0";"ea50da4d00124c862f9ca8e8387a98e4";"0";"e3b2803280388063e0b4048a3cd3440a";;"Backend_Designer_Sub";"3968"
"Operations with filters";"class";"5622";"3975";"8";"Backend_Designer_Sub_Filter";;"0";"012dbafa09789864fdfcc38418dea6d7";"0";"817b459ec23ae0ac84c5f624618b703e";;"Backend_Designer_Sub_Properties";"3969"
;"class";"5623";"3939";"8";"Backend_Designer_Sub_Datafield";;"0";"6ac973a35c78bccaac9b8ac61a1bb7fe";"0";"367bf0533ee5f00ea0fe2535959ce16d";;"Backend_Designer_Sub";"3970"
;"class";"5624";"3939";"8";"Backend_Designer_Sub_Viewframe";;"0";"fb58ca9511cd660804b907ad978a8a23";"0";"51f5e16efad9f850a12d8a140491a369";;"Backend_Designer_Sub";"3971"
;"class";"5625";"3939";"8";"Backend_Designer_Sub_Model";;"0";"eeedaef5940c0cf8ce139b45266268fe";"0";"a570384d1aa2c24764fc51f7ac1abdbb";;"Backend_Designer_Sub";"3972"
;"class";"5626";"3948";"8";"Backend_Designer_Sub_Gridcolumnfilterevents";;"0";"9e7f78e3f7b043d1923828a332b07662";"0";"41f1cd88429216ce247af14bfdb5f355";;"Backend_Designer_Sub_Column_Events";"3973"
"Operations with forms";"class";"5627";"3939";"8";"Backend_Designer_Sub_Form";;"0";"29fdcda80d8c329ea2747dccb4cac775";"0";"04a810903dd0faf8505a44f046c6ed1d";;"Backend_Designer_Sub";"3974"
;"class";"5628";"3939";"8";"Backend_Designer_Sub_Properties";;"0";"8f83a55813c631123741d443c0c7bb7a";"0";"6fb27b3e7ff5e9e6ffdcd35c380d9a26";;"Backend_Designer_Sub";"3975"
;"class";"5629";"3939";"8";"Backend_Designer_Debugger";;"0";"717063dc130dccece7a93d653453304f";"0";"d5a9dfbd12a282e393ae56c34d152845";;"Backend_Designer_Sub";"3976"
;"class";"5630";NULL;"8";"Backend_Designer_Import";;"0";"e402090fd3a04bc6c4f003cc063b2f3c";"0";"c1fc13c312947d73c36fb3ca5b52e2ee";;;"3977"
;"class";"5632";"3997";"8";"Backend_Acl_Controller";;"0";"348a1e71ffe77b7e817cfa31d3bb68f5";"0";"4d477253aed07b9ae5e022eb802c681c";;"Backend_Controller";"3978"
"Mediacategory module controller
Backoffice UI";"class";"5634";"3991";"8";"Backend_Mediacategory_Controller";;"0";"ec242b0e5ef0a20282f87935ed96cabf";"0";"e377df913ba1b5cf1ffba5317cc0e1f6";;"Backend_Controller_Crud";"3979"
;"class";"5636";"3991";"8";"Backend_Logs_Controller";;"0";"f7349f7449b173552c22aa04ad32df20";"0";"921b10569543a8dfce634ee4b2ab079d";;"Backend_Controller_Crud";"3980"
;"class";"5638";"3991";"8";"Backend_Orm_Dataview";;"0";"15059893d0128a9b22f0ae55fcb88070";"0";"c4d6c2c97f012bb3649b5da6ea0fcef9";;"Backend_Controller_Crud";"3981"
;"class";"5640";"3997";"8";"Backend_Orm_Connections_Controller";;"0";"8e440c2436c3cfd189e9983f6ad58fb9";"0";"9a5b4069e7930b2674db4326acf0c2fe";;"Backend_Controller";"3982"
;"class";"5641";NULL;"8";"Backend_Orm_Connections_Manager";;"0";"7435dbb35451c3e5456fa7aad3341bc7";"0";"f23f034d6cac8497a0945eabd04cdaee";;;"3983"
;"class";"5642";"3997";"8";"Backend_Orm_Dictionary";;"0";"e34cce2ce8c5fbf7c375781d6501d69e";"0";"5c344f6a18f1b2f6478a4af04e9de445";;"Backend_Controller";"3984"
;"class";"5643";"3997";"8";"Backend_Orm_Log";;"0";"9b5d70ac1c016ece0805bc6a8f93e6e4";"0";"8ec1b25f99d47de988de75fe89f5ba40";;"Backend_Controller";"3985"
"ORM UI Controller";"class";"5644";"3997";"8";"Backend_Orm_Controller";;"0";"0fc8a1c85051e46ed7d302d55b4b53dd";"0";"f24a09737a0b8eccc5e0dca3783f9c54";;"Backend_Controller";"3986"
;"class";"5645";NULL;"8";"Backend_Orm_Manager";;"0";"e346b91c6691345f7276bb9709a493b7";"0";"f1ca71c4ca94e49c08b25f9cd0c2f639";;;"3987"
"Should be called from backend controller";"class";"5647";"3991";"8";"Backend_Orm_Dataview_Editor";;"0";"fc16ffe974cb3ce9b0cd2cb4d8faa48a";"0";"91b38292b91373a3a799a105f4034a4e";;"Backend_Controller_Crud";"3988"
"Should be called from backend controller";"class";"5649";"3990";"8";"Backend_Orm_Dataview_Editor_Vc";;"0";"fafb6ced1f4f7f4ade5db5275c8ffd31";"0";"36772b89a6dc3cfcaac516067d4c137d";;"Backend_Controller_Crud_Vc";"3989"
"This is the base class for implementing CRUD backend interfaces
(creating, editing, updating and deleting)
for ORM object under version control";"class";"5652";"3991";"8";"Backend_Controller_Crud_Vc";;"0";"803d4776af71a1cf8e1e7f23e897f04d";"1";"af8736759ae462e35b7f729299830002";;"Backend_Controller_Crud";"3990"
"This is the base class for creating controllers of the
CRUD backend applications (creating, editing, updating, deleting)
for ORM objects";"class";"5653";"3997";"8";"Backend_Controller_Crud";;"0";"ec671de23630b99aeea01eb7f3a55886";"1";"7f1e12451fa248684c84c24f0f537cf5";;"Backend_Controller";"3991"
;"class";"5655";"3991";"8";"Backend_Cache_Controller";;"0";"9525f82cee9eb303b4bdcf2c49b401fc";"0";"d3d5bff966747ab12032d780facd1402";;"Backend_Controller_Crud";"3992"
;"class";"5656";NULL;"8";"Backend_Cache_Manager";;"0";"93788078a2030cedd01eac8f1dbcb155";"0";"05bc24839300e6b18f5317fd39328045";;;"3993"
"Localization controller (Backoffice UI)";"class";"5658";"3991";"8";"Backend_Localization_Controller";;"0";"3341ade9e21ace35d702873f523d4fdb";"0";"22fa4e9afd9efa58d44fc96017237a02";;"Backend_Controller_Crud";"3994"
;"class";"5659";NULL;"8";"Backend_Localization_Manager";;"0";"2f53b2a209121b03ae73055147bf4f60";"0";"f96bb67a79aba98b6934f7dcab12d2e4";;;"3995"
;"class";"5661";"3990";"8";"Backend_Blocks_Controller";;"0";"b49b0e1eb530f33027f02f0b2f688927";"0";"d2f5082f6b7c41a31872d2d0b7e03b08";;"Backend_Controller_Crud_Vc";"3996"
"This is the base class for implementing administrative controllers";"class";"5662";"4014";"8";"Backend_Controller";;"0";"76c106caa5575dc98d7aff53784634b3";"1";"9b90172fdf5fe839d60897c4f975f665";;"Controller";"3997"
;"class";"5664";"3990";"8";"Backend_Page_Controller";;"0";"5411672892ed01ae74273fa752f40af7";"0";"22693725a7dfe15e8cc68ebf63716f74";;"Backend_Controller_Crud_Vc";"3998"
;"class";"5666";"3997";"8";"Backend_Reports_Controller";;"0";"6fcbb5777b94be7b543a54b185110524";"0";"aee48bed25dc58ffa6bc54758b23fee4";;"Backend_Controller";"3999"
;"class";"5668";"3991";"8";"Backend_Menu_Controller";;"0";"96cd624932795654e32135f9b65bba16";"0";"82b50f375f702162a61cea2b2ae94383";;"Backend_Controller_Crud";"4000"
;"class";"5670";NULL;"8";"Sysdocs_Search";;"0";"4687e8c633db68b21cdddcbe5bd5d634";"0";"373a9d0a114af67625c60735ee20ffb2";;;"4001"
;"class";"5671";NULL;"8";"Sysdocs_Analyzer";;"0";"d864393b0d51c47d6f437b735ccf70a7";"0";"863d1d77417ab462cd65e280c25b1927";;;"4002"
;"class";"5672";NULL;"8";"Sysdocs_Historyid";;"0";"45604920ea1ce93070122cc465815c5f";"0";"64dbc81e1718b1a860492b70238bdf09";;;"4003"
"Documentation generator";"class";"5673";NULL;"8";"Sysdocs_Generator";;"0";"f6bc7d87c1589e54c39719d2c45557e5";"0";"e8bd7bd4272b0cce2e1f3b3a55b25416";;;"4004"
;"class";"5674";NULL;"8";"Sysdocs_Controller";;"0";"0f2d37d7b02354d7f732769f438ce99b";"0";"574f4f0ce838f8b45aaf31c2533ad78b";;;"4005"
;"class";"5675";NULL;"8";"Sysdocs_Info";;"0";"e54b3efb4d1963a68538ed5a868823db";"0";"b22f4625af0025ddf3e03aa9a990fd3f";;;"4006"
"Menu block";"class";"5677";"3910";"8";"Block_Menu";;"0";"51e9a38f2d44a6b1a42e248bcf99d80a";"0";"dc583ff907d87550baf150e12710a551";;"Block";"4007"
"Simple block";"class";"5678";"3910";"8";"Block_Simple";;"0";"ce4db88404b5616a9f8f7edd32bbd9d2";"0";"df3de6f79d5c353a4319e57e4a058f1f";;"Block";"4008"
;"class";"5680";"4007";"8";"Block_Menu_Footer";;"0";"b27847a97b6afc4e198fd119570a265c";"0";"ebe9c2c44921975baa39ad876cf27421";;"Block_Menu";"4009"
;"class";"5681";"4007";"8";"Block_Menu_Top";;"0";"16cb46ec0a930cfacb0e9f9871f80043";"0";"c934509ea149b58b9f246837055d4b42";;"Block_Menu";"4010"
;"class";"5683";NULL;"8";"Dictionary_Manager";;"0";"78c3c6772651a1a4b38ac2000f5fb4bb";"0";"8f96f7dc3f71f35d8eaf4f97f32a8c61";;;"4011"
"Default Trigger
Handle Db_Object Events";"class";"5684";NULL;"8";"Trigger";;"0";"60411efdf805e3f4eb13f5790258e8c8";"0";"e5af91a2e6f8518f181c95309f8a059e";;;"4012"
;"class";"5686";NULL;"8";"Cache_Manager";;"0";"241d6bee86b4be4e21babfd0693cbc47";"0";"b332b48ff6d847fbeded90c691415b36";;;"4013"
"Base class for implementing controllers (DVelum 0.9 and higher)";"class";"5687";NULL;"8";"Controller";;"0";"234b6b1cf6694ba01b3bcd9b0ada1291";"1";"13ef1c5b3587feab9c65ebef958348a2";;;"4014"
;"class";"5690";"4047";"8";"Task_Cronjob_Abstract";;"0";"f55c138f9310a15e65150b454121e565";"1";"1f372759d46f4f4078beac43eb2dd652";;"Bgtask_Abstract";"4015"
;"class";"5691";"4015";"8";"Task_Cronjob_Test";;"0";"51e4eee95b3161dce36a94fe5ce7df17";"0";"c2eca256cd67f19f96f2820addf227cb";;"Task_Cronjob_Abstract";"4016"
;"class";"5693";"4047";"8";"Task_Orm_Encrypt";;"0";"3e26144c443a2f978f6671c8e1c773d6";"0";"2e9588314a5e39ae8c6b2e93cd3f109a";;"Bgtask_Abstract";"4017"
;"class";"5694";"4047";"8";"Task_Orm_Decrypt";;"0";"1ece02d0d767c9f98d654caa4eb8edde";"0";"d72c3dcecb25d782a64e3e4e7dc76f84";;"Bgtask_Abstract";"4018"
"Background task
Recrop medialibrary images

Requires config
types - array of image typecodes like array(&#39;icon&#39;,&#39;thumb&#39;,...)
 notCroped - boolean flag- crop only autocroped images";"class";"5695";"4047";"8";"Task_Recrop";;"0";"40d29660f0333d6681621d3ca863f561";"0";"3fd7440b6183cee331eee3ed91543b3a";;"Bgtask_Abstract";"4019"
"Background task
Test task";"class";"5696";"4047";"8";"Task_Test";;"0";"922e0492885c09ff84891119540717cc";"0";"ed744b31ae260362446fd92d261b1352";;"Bgtask_Abstract";"4020"
;"class";"5698";NULL;"8";"Db_Manager";;"0";"bf0903377b93e088acd476191055b6e3";"0";"f3840268ddd7a5f32af93c9f53a46f1d";"Db_Manager_Interface";;"4021"
"Block manager component.
Serves for managing blocks of page content,
uploading classes, rendering, caching , 
as well as for block cache invalidation.";"class";"5699";NULL;"8";"Blockmanager";;"0";"75822e4bd8022770e7a478a5e3533610";"0";"939fb30f93c1673961ae7936fc5a6eba";;;"4022"
;"class";"5756";NULL;"8";"Lang";;"0";"0ac38eb12970891caef8ec0a3e1a07ac";"0";"f1f66619c362c9ede0b28e9ad0429979";;;"4023"
"Image Resizer Component";"class";"5758";NULL;"8";"Image_Resize";;"0";"58ac071b5760065db22deb7c9f1c9c9e";"0";"897800cd74d22cebb6993510e4412395";;;"4024"
"jsmin.php - PHP implementation of Douglas Crockford&#39;s JSMin.
 
This is pretty much a direct port of jsmin.c to PHP with just a few
PHP-specific performance tweaks. Also, whereas jsmin.c reads from stdin and
outputs to stdout, this library accepts a string as input and returns another
string as output.
 
PHP 5 or higher is required.
 
Permission is hereby granted to use this version of the library under the
same terms as jsmin.c, which has the following license:
 
--
Copyright (c) 2002 Douglas Crockford(www.crockford.com)
 
Permission is hereby granted, free of charge, to any person obtaining a copy of
this software and associated documentation files (the &#34;Software&#34;), to deal in
the Software without restriction, including without limitation the rights to
use, copy, modify, merge, publish, distribute, sublicense, and/or sell copies
of the Software, and to permit persons to whom the Software is furnished to do
so, subject to the following conditions:
 
The above copyright notice and this permission notice shall be included in all
copies or substantial portions of the Software.
 
The Software shall be used for Good, not Evil.
 
THE SOFTWARE IS PROVIDED &#34;AS IS&#34;, WITHOUT WARRANTY OF ANY KIND, EXPRESS OR
IMPLIED, INCLUDING BUT NOT LIMITED TO THE WARRANTIES OF MERCHANTABILITY,
FITNESS FOR A PARTICULAR PURPOSE AND NONINFRINGEMENT. IN NO EVENT SHALL THE
AUTHORS OR COPYRIGHT HOLDERS BE LIABLE FOR ANY CLAIM, DAMAGES OR OTHER
LIABILITY, WHETHER IN AN ACTION OF CONTRACT, TORT OR OTHERWISE, ARISING FROM,
OUT OF OR IN CONNECTION WITH THE SOFTWARE OR THE USE OR OTHER DEALINGS IN THE
SOFTWARE.
--";"class";"5761";NULL;"8";"Code_Js_Minify";;"0";"35486a60e57973f74f81320e1ff04862";"0";"0c3c18d2a3ba620f4fcb70fd788a8d55";;;"4025"
"Store Factory";"class";"5762";NULL;"8";"Store";;"0";"d40361d6c17284e32f62e4c18fe1e1d8";"0";"d8e9cdb6bd23c2d1b29ae7c728c14c58";;;"4026"
"Router interface";"interface";"5764";NULL;"8";"Router_Interface";;"0";"1f728acf029504fc76f22e3ce50808e2";"1";"bd2524d8daabad25b064108dbf90250b";;;"4027"
;"class";"5765";NULL;"8";"Debug";;"0";"50d2dd4362fd08c8543f8b2fc1be0c4c";"0";"0fa24974b28ed2b299d48fff5d5f6ae5";;;"4028"
"System Utils class Do not include into packages!";"class";"5766";NULL;"8";"Utils";;"0";"a3d3981f87ca1f047201b0565f42b912";"0";"ad06b109d8417c925e14d9edccf95422";;;"4029"
"Простейший механизм локов для предотвращения
одновременного запуска нескольких задач планировщиком.
При запуске создает файл блокировки, который не позволяет запуститься еще одному процессу
блокировка считается валидной до истечения срока [время последнего обновления] + [время отведенное на ожидание до перехвата]";"class";"5768";NULL;"8";"Cron_Lock";;"0";"219f830122e65ac332540a17c42730a5";"0";"760b690f069162827c82d3710e76f048";;;"4030"
"Filestorage ORM adpater.";"class";"5770";"4033";"8";"Filestorage_Orm";;"0";"7ab09f0f617354905211c359659b85b2";"0";"d22ac110a85e1fbc29179bf6f70b7992";;"Filestorage_Simple";"4031"
"Abstract adapter for filestorage";"class";"5771";NULL;"8";"Filestorage_Abstract";;"0";"00ea0eada0929e49441fc3082bee98c2";"1";"bbbf0364d95d9acae67873a11a966d63";;;"4032"
"Filestorage simple filesystem adpater.";"class";"5772";"4032";"8";"Filestorage_Simple";;"0";"9f40621cf01cb2359e4c5d828519b658";"0";"34bba7e07673d5b708ce260a92220165";;"Filestorage_Abstract";"4033"
;"class";"5773";NULL;"8";"Registry";;"0";"4f4075652b898167ccaca772b43f211e";"0";"e069e637f992be2cf14b43b3f478eeb7";;;"4034"
;"class";"5774";NULL;"8";"Filestorage";;"0";"4408a51434fdaf38275e46533c00d000";"0";"ae716c4ecb32d93d5002cabf2f973f7c";;;"4035"
"Config reader for arrays in files";"class";"5777";"4039";"8";"Config_File_Array";;"0";"0ea34b669772b295323621241e5a0af5";"0";"3cde039b1ef84fd4a3b0f51dba6858c3";"ArrayAccess, Iterator, Traversable";"Config_File";"4036"
"The Config_Abstract abstract class, which is used for implementing configuration adapters";"class";"5778";NULL;"8";"Config_Abstract";;"0";"83b29c1731c2e1bad08f260f2b471958";"1";"9d580e9598345b586760e394d93b004b";"ArrayAccess, Iterator, Traversable";;"4037"
;"class";"5779";"4037";"8";"Config_Simple";;"0";"2c8cf641594539ee271d8fefc4803354";"0";"9887df25bf98b929a0dd237fa68853f0";"Traversable, Iterator, ArrayAccess";"Config_Abstract";"4038"
"Config_File abstract class - an adapter implementing 
configurations, which use a file as a storage";"class";"5780";"4037";"8";"Config_File";;"0";"c070df9be6d6c10a481016584da40297";"1";"8a254ad428b94591a01e1b6247da3394";"Traversable, Iterator, ArrayAccess";"Config_Abstract";"4039"
;"class";"5781";NULL;"8";"Config_Storage";;"0";"4a0da0c0a1d6ff4ea0ae92674fb402e6";"0";"3278ebd8d9da7d5fda244b47b992ca5b";;;"4040"
;"interface";"5783";NULL;"8";"Converter_Interface";;"0";"01fc87a44c556a221add55021e98d18d";"1";"833b7a9a7bdde882f8df020913e04876";;;"4041"
;"class";"5784";NULL;"8";"Converter_Ip2long";;"0";"b44cf15c2798d4d2938c58857bf37d6d";"0";"99726b3c8a4c84b1da95ce191c045bae";"Converter_Interface";;"4042"
"Task launcher";"class";"5787";"4050";"8";"Bgtask_Launcher_Local";;"0";"9f13a74a04da2edd1d16b9c466981f00";"1";"a3177d7a45f7a711e6045c9d73899443";;"Bgtask_Launcher";"4043"
;"class";"5788";"4050";"8";"Bgtask_Launcher_Simple";;"0";"b76cfd3b8d3c3c1975764569320ce51c";"0";"950300dab0afdfa07f0d5891e4e7c4c7";;"Bgtask_Launcher";"4044"
;"class";"5790";"4043";"8";"Bgtask_Launcher_Local_Json";;"0";"73a7c9c5bacfd34b517744d3ac2ea32b";"0";"1b75eac4cc38b8d98044ce1038714ac3";;"Bgtask_Launcher_Local";"4045"
;"class";"5791";"4043";"8";"Bgtask_Launcher_Local_Silent";;"0";"347f248068098deca8a374132ac783e9";"0";"93441cb9b1a07e86e47c40bd56f2ec48";;"Bgtask_Launcher_Local";"4046"
"An abstract class for implementing background tasks.";"class";"5792";NULL;"8";"Bgtask_Abstract";;"0";"ccc8f9ce27eed2783893ba79f914d303";"1";"d9b4af5e750c0973f6eb0274c18c2e36";;;"4047"
;"class";"5793";NULL;"8";"Bgtask_Log";;"0";"722021775bfbb1c6548cfffcfb688674";"1";"77ad832bc31755679c30475714efed9b";"Log";;"4048"
;"class";"5795";"4048";"8";"Bgtask_Log_File";;"0";"8a7000e132331c974cea95a9180eaf3e";"0";"3dfac400b8f06540a6e866fa0622c9a0";"Log";"Bgtask_Log";"4049"
;"class";"5796";NULL;"8";"Bgtask_Launcher";;"0";"5366722c6150d63741dccabcd25e588f";"1";"8c34b4eeb91b718a9e8d28fe48caab88";;;"4050"
"Class Bgtask_Manager is used for managing background tasks, sending signals to background processes, collecting statistics.";"class";"5797";NULL;"8";"Bgtask_Manager";;"0";"e92bf8553c646b72bcc4512f5c41f347";"0";"f74056528137e48746efe178616ae2db";;;"4051"
"Abstract class for Background Storage";"class";"5798";NULL;"8";"Bgtask_Storage";;"0";"9f3be57722c1bb5f2493b4f9cf11333a";"1";"2a7ea963af71948a738c08a63eb755cb";;;"4052"
"ORM based tasks storage";"class";"5800";"4052";"8";"Bgtask_Storage_Orm";;"0";"31b01543a2dd3216faae70c18be7746e";"0";"b9f10a4698b867908de9ca2f72f98fd4";;"Bgtask_Storage";"4053"
"Image Uploader";"class";"5802";"4055";"8";"Upload_Image";;"0";"b9f788757eebbb1f9c4993e72028f46c";"0";"0d2ad60fae70bf0fa4d14f2207d49a46";;"Upload_File";"4054"
"File uploader class";"class";"5803";NULL;"8";"Upload_File";;"0";"70cc9ef28bc4e43d6ddc01419037d257";"0";"c0d0e2d66b4560532d384bed15e6372e";;;"4055"
"Resources Class
Used for work with JS and CSS sources";"class";"5804";NULL;"8";"Resource";;"0";"7a4653a66c9c083ef8e417f55144f17b";"0";"e0e5098b95eb3fad9044f4bfe498cbc3";;;"4056"
"ExtJS 4 Wrapper Package";"class";"5805";NULL;"8";"Ext";;"0";"5fa35a2a133a15bed1274f8c358d58a3";"0";"bb4785a0d227e149db930e56d34c2c35";;;"4057"
"Event manager for Designer project";"class";"5808";NULL;"8";"Designer_Project_Events";;"0";"31a80e7ec22620160e1b3cd67a8dd972";"0";"31ac5138ca4ffb111c699d2fe798a116";;;"4058"
;"class";"5809";NULL;"8";"Designer_Project_Code";;"0";"89d9e3d02cd26d1310199492e3a95929";"0";"dc52336f2d809ddf81e3d28b30c98923";;;"4059"
"Method manager for Designer project";"class";"5810";NULL;"8";"Designer_Project_Methods";;"0";"094a84ccf49cb86a6e2caf9093fe112c";"0";"7fcd60a853a3a75967511469cdcb4e5c";;;"4060"
"Class Designer_Project_Container
System container for Designer_Project";"class";"5811";NULL;"8";"Designer_Project_Container";;"0";"f3befa3a5381dbcf195c2fcd2a8c293d";"0";"e6883be14fbfb2c6de2ce123329eb6ac";;;"4061"
;"class";"5813";NULL;"8";"Designer_Project_Methods_Item";;"0";"8e3c1ea1cf769886a017628f38924f36";"0";"e63fb86fb35919d4c4d613a4249efb9b";;;"4062"
"Designer project class.";"class";"5814";NULL;"8";"Designer_Project";;"0";"b68eab7b23719640ba4d8d7abd575feb";"0";"d3b310710e0ca73dc014cbb1428bdd81";;;"4063"
;"class";"5815";NULL;"8";"Designer_Factory";;"0";"a3106ba722a06a979975bb0fb27d324e";"0";"41d9f3a2214536b00224c6f588c158c6";;;"4064"
;"class";"5816";NULL;"8";"Designer_Debugger";;"0";"7ec2b8bd67f424c2ad65a5f341a601ec";"0";"51d02355331e4ee160eec566d440b099";;;"4065"
;"class";"5817";NULL;"8";"Designer_Storage";;"0";"b19643eb4419191c8e4548e3ae650a1a";"0";"7ccd8cd84f07ecbfae2fa07b745e86ff";;;"4066"
"Abstract Base for Designer_Storage";"class";"5820";NULL;"8";"Designer_Storage_Adapter_Abstract";;"0";"8954e0e4db0e435133a3eedec8ba01c1";"1";"e5fec30cfb227986530723a15f50c3e3";;;"4067"
"File adapter for Designer_Storage";"class";"5821";"4067";"8";"Designer_Storage_Adapter_File";;"0";"d2bd35e7e89304b2509fb32cd42152bc";"0";"fd714379c1218221b4aa205c714343ef";;"Designer_Storage_Adapter_Abstract";"4068"
"Docked Component implementation";"class";"5823";"4073";"8";"Ext_Docked";;"0";"788cd9b32f65f5d590be17ad50a9938b";"0";"f2f2a73222e6d87f6455e4bddd1fb635";;"Ext_Object";"4069"
;"class";"5825";"4072";"8";"Ext_Data_Store";;"0";"656b1fa84a2bd6d13e105cdae5fffd39";"0";"f9bc7a0529aa35062504b7bb866b053f";;"Ext_Store";"4070"
;"class";"5827";"4072";"8";"Ext_Data_Store_Tree";;"0";"47c571b30bb3e21cb11b3ddc5cca5986";"0";"8b7f8b9f32406be5277afd832a473b8a";;"Ext_Store";"4071"
"Ext data store implementation";"class";"5828";"4073";"8";"Ext_Store";;"0";"88a70272137d67c3d36435c855532d3a";"0";"c083c3cfb8f7da6d5a7f410a5c50ed7b";;"Ext_Object";"4072"
"Main class for Extjs4 code generation
DVelum project http://code.google.com/p/dvelum/ , http://dvelum.net";"class";"5829";NULL;"8";"Ext_Object";;"0";"304cc86d42f477f419406fc1579454b4";"0";"5486f74be5333004f9338c5b4b195f98";;;"4073"
;"class";"5831";"4199";"8";"Ext_Property_Docked";;"0";"69abea62be8eaba02729fe75562b3cc2";"0";"a06e5dfd0458faca59a2f20d2022696f";;"Ext_Property";"4074"
;"class";"5833";"4199";"8";"Ext_Property_Data_Proxy";;"0";"feed8cb4e2936bb16d0fe86e8d554a30";"0";"89eb522cafda846d1798cf74af5248bb";;"Ext_Property";"4075"
;"class";"5834";"4087";"8";"Ext_Property_Data_Store";;"0";"8ce4e4e9072fb51d0734730eeab11ff5";"0";"68912e291812961e68217f3a18703783";;"Ext_Property_Data_Proxystore";"4076"
;"class";"5836";"4086";"8";"Ext_Property_Data_Proxy_Rest";;"0";"1134d11bf5fbe0096085ba6a86625f47";"0";"4ffffac8c677d94901cb2a29c7a4d120";;"Ext_Property_Data_Proxy_Ajax";"4077"
;"class";"5837";"4083";"8";"Ext_Property_Data_Proxy_Memory";;"0";"c8467e706ea83d473fd6e9b341c5fcb6";"0";"1e58233f3e78515894d840aac840e75d";;"Ext_Property_Data_Proxy_Client";"4078"
;"class";"5838";"4082";"8";"Ext_Property_Data_Proxy_Localstorage";;"0";"f9a47739da2ecd081c02f55880964550";"0";"2ddbbec063e48410d579432faa5702b3";;"Ext_Property_Data_Proxy_Webstorage";"4079"
;"class";"5839";"4084";"8";"Ext_Property_Data_Proxy_Direct";;"0";"a22c275d95e03e0d08df33b274c38640";"0";"094b538983dbf7d0960362031d0ee4ca";;"Ext_Property_Data_Proxy_Server";"4080"
;"class";"5840";"4082";"8";"Ext_Property_Data_Proxy_Sessionstorage";;"0";"acd22263d5e86d83f0e666eabd90a555";"0";"b4180a8f1e16faa77b1dbb8b69b124e6";;"Ext_Property_Data_Proxy_Webstorage";"4081"
;"class";"5841";"4083";"8";"Ext_Property_Data_Proxy_Webstorage";;"0";"30b5321bb0db14cd76202817154c4d5f";"1";"06eb057ed8b69b4362bd4e996e73e46f";;"Ext_Property_Data_Proxy_Client";"4082"
;"class";"5842";"4075";"8";"Ext_Property_Data_Proxy_Client";;"0";"31d18eaa85f368a9966dcf6e13560072";"1";"9ac416abb2f86d9c65bd2b95569db63e";;"Ext_Property_Data_Proxy";"4083"
;"class";"5843";"4075";"8";"Ext_Property_Data_Proxy_Server";;"0";"e709dbf8fc155a24d2472f7c89c0776f";"1";"e8b2b94291b97738932322dabf862cfe";;"Ext_Property_Data_Proxy";"4084"
;"class";"5844";"4084";"8";"Ext_Property_Data_Proxy_Jsonp";;"0";"87fd3f3c4e1af45d15b690961a9d8ff0";"0";"233a2d265d9bde0ea6557553e70e143e";;"Ext_Property_Data_Proxy_Server";"4085"
;"class";"5845";"4084";"8";"Ext_Property_Data_Proxy_Ajax";;"0";"d2e10e91f1e81297372eb1cf786caf1e";"0";"8b1f7ed82565a2b55ed25b81f37f5295";;"Ext_Property_Data_Proxy_Server";"4086"
;"class";"5846";"4090";"8";"Ext_Property_Data_Proxystore";;"0";"299b9f818f9f49510844fad1b5964863";"0";"b9be5b01ceca7ab66f65661fbc3463fd";;"Ext_Property_Data_Abstractstore";"4087"
;"class";"5847";"4199";"8";"Ext_Property_Data_Writer";;"0";"708a340727ad095865567cada43b84f7";"0";"7e0fa87cb08b612275a80afdf504e4d5";;"Ext_Property";"4088"
;"class";"5848";"4199";"8";"Ext_Property_Data_Reader";;"0";"519f8aade9ba61657ee36a1c8c297f9a";"0";"dae6583d964138fd9410ce8f9414b085";;"Ext_Property";"4089"
;"class";"5849";"4199";"8";"Ext_Property_Data_Abstractstore";;"0";"52c6e60b13dd2e0d54456dfc2ca4c3ba";"1";"377cb79975ac885ed12951f3fc6313ff";;"Ext_Property";"4090"
;"class";"5851";"4076";"8";"Ext_Property_Data_Store_Tree";;"0";"c94ebb776d32278b49dfb9b9a22cd5d3";"0";"35b879147e5b7aa3bb7bb5ceb06a5d99";;"Ext_Property_Data_Store";"4091"
;"class";"5853";"4089";"8";"Ext_Property_Data_Reader_Json";;"0";"e451696623b27a16605ea3df1cd3cfb9";"0";"b299de15573fdc5d998cdcacc9305f5e";;"Ext_Property_Data_Reader";"4092"
;"class";"5854";"4092";"8";"Ext_Property_Data_Reader_Array";;"0";"2eb614c521fbc901f18f8d53d68726c7";"0";"0bbc685b5427888da2093a14536b84f6";;"Ext_Property_Data_Reader_Json";"4093"
;"class";"5855";"4089";"8";"Ext_Property_Data_Reader_Xml";;"0";"9bc45d124e34ca01a0b68681f44b7da8";"0";"6a089238476d1fe4f283b7cabab89f3d";;"Ext_Property_Data_Reader";"4094"
;"class";"5856";"4199";"8";"Ext_Property_Data_Field";;"0";"b8a9eff937097cc651a3ee54b1bd0218";"0";"baeef853b1e871e5176a025f52b997fa";;"Ext_Property";"4095"
;"class";"5858";"4088";"8";"Ext_Property_Data_Writer_Json";;"0";"681ae32be99c05e818667d64f969a178";"0";"85fa583e972ca30c026884ea8fec6fc7";;"Ext_Property_Data_Writer";"4096"
;"class";"5859";"4088";"8";"Ext_Property_Data_Writer_Xml";;"0";"53eecb4dada7394d7c7eb8c1d2a5c2f9";"0";"a314e8fc7d906a8e6c9b7af35f4ffbd5";;"Ext_Property_Data_Writer";"4097"
;"class";"5860";"4161";"8";"Ext_Property_Image";;"0";"552b4cf8680de28003042abe57213bb2";"0";"8c291efb1752f80c96f577765dcdb226";;"Ext_Property_Component";"4098"
;"class";"5861";"4076";"8";"Ext_Property_Store";;"0";"8d97a59fc66e59170ecb69c88181cc48";"0";"7decf5fb9700eddb01060181e33214dd";;"Ext_Property_Data_Store";"4099"
;"class";"5862";"4160";"8";"Ext_Property_Buttongroup";;"0";"30b893baf816ad5cdc34efb9d7ff0318";"0";"87de6e401f39be57571642556e740e6d";;"Ext_Property_Panel";"4100"
;"class";"5863";"4199";"8";"Ext_Property_Instance";;"0";"f007157a528c6b8a562ac9414e6f77b5";"0";"99e8a5f7f0729cdf73df15cf7cd95ebc";;"Ext_Property";"4101"
;"class";"5865";"4162";"8";"Ext_Property_Grid_Column";;"0";"fbc8e2693104fd2e1df19cbb9b7c068b";"0";"62394e519013afff650713a9cdf39e37";;"Ext_Property_Container";"4102"
;"class";"5867";"4102";"8";"Ext_Property_Grid_Column_Check";;"0";"04ad97d2a3d165e5fd6cf304bff6641c";"0";"44c389946f20ed59fff204df97093970";;"Ext_Property_Grid_Column";"4103"
;"class";"5868";"4102";"8";"Ext_Property_Grid_Column_Date";;"0";"6e72bd879f800d0242406c82b6cefc0c";"0";"4f21f78fb1524d80dd64a402bed3fd21";;"Ext_Property_Grid_Column";"4104"
;"class";"5869";"4102";"8";"Ext_Property_Grid_Column_Number";;"0";"984fa3899bac9f65202311aa31aaf692";"0";"c45195828a5ae67c42dd3ed733c5aefa";;"Ext_Property_Grid_Column";"4105"
;"class";"5870";"4102";"8";"Ext_Property_Grid_Column_Template";;"0";"8ecce16a3e99bae7444f2961cfaa5a70";"0";"072ff92d5ff744ff102069f7e6df8e7c";;"Ext_Property_Grid_Column";"4106"
;"class";"5871";"4102";"8";"Ext_Property_Grid_Column_Action";;"0";"7c9b171e8192e234b1bc75e8da7b3a0a";"0";"49617d4801e721d19e3a050517949fd0";;"Ext_Property_Grid_Column";"4107"
;"class";"5872";"4102";"8";"Ext_Property_Grid_Column_Boolean";;"0";"5bb687e4bff4318773bb3c6663596e95";"0";"e05013f80ce8453b5a0061f3f2957586";;"Ext_Property_Grid_Column";"4108"
;"class";"5874";"4159";"8";"Ext_Property_Grid_Column_Action_Button";;"0";"d6051b6851b61ce2d24951474576e73b";"0";"498ab8b2cff3c1b0889bf726ae2025ae";;"Ext_Property_Button";"4109"
;"class";"5875";"4199";"8";"Ext_Property_Grid_Feature";;"0";"0ab383710e9d3cfe78a7a6a84313d469";"0";"233a154d1a2c5a9b7b025312a5b40c68";;"Ext_Property";"4110"
;"class";"5876";"4169";"8";"Ext_Property_Grid_View";;"0";"077f9cfe7b43067c3c00bb2159b726a1";"0";"ae0adbf55bb3f469efb23746e472881a";;"Ext_Property_View_Table";"4111"
;"class";"5878";"4118";"8";"Ext_Property_Grid_Filter_Date";;"0";"0c9ec073f5e79c7d1e9cb785101ce0e0";"0";"e3b6f3ec944934fe43c8976fb96bab2a";;"Ext_Property_Grid_Filter";"4112"
;"class";"5879";"4118";"8";"Ext_Property_Grid_Filter_Number";;"0";"83ed3cf1dba08fbec135745a556ea27a";"0";"235df23565fad6db5289fcc4b73015b9";;"Ext_Property_Grid_Filter";"4113"
;"class";"5880";"4118";"8";"Ext_Property_Grid_Filter_List";;"0";"d1816d78051d7c442d2f592d2a2d40f9";"0";"688d91889582798088e4fc0fd687cfcf";;"Ext_Property_Grid_Filter";"4114"
;"class";"5881";"4112";"8";"Ext_Property_Grid_Filter_Datetime";;"0";"4932e30a5766ab3f892ca39d4698d992";"0";"3d8792481b820875462dfecc813c07ee";;"Ext_Property_Grid_Filter_Date";"4115"
;"class";"5882";"4118";"8";"Ext_Property_Grid_Filter_String";;"0";"e7d32d1459369a9015101c31b49ca244";"0";"6863f13bfbaa3c5abbe0246be6ae3085";;"Ext_Property_Grid_Filter";"4116"
;"class";"5883";"4118";"8";"Ext_Property_Grid_Filter_Boolean";;"0";"b59ef9e388dfd5b66021c541c129b13b";"0";"3cdb264b40ed36b823520b8674c74c7d";;"Ext_Property_Grid_Filter";"4117"
;"class";"5884";"4199";"8";"Ext_Property_Grid_Filter";;"0";"2c765c43d86b6f76c304bdd2e1264a06";"1";"b7e987fa07305ed3d29ecc7afcf2d048";;"Ext_Property";"4118"
;"class";"5885";"4110";"8";"Ext_Property_Grid_Filtersfeature";;"0";"935456890cc2422f083256b1da84b968";"0";"a748f30df860c1cd1fa7d85cc0114cd5";;"Ext_Property_Grid_Feature";"4119"
;"class";"5886";"4160";"8";"Ext_Property_Menu";;"0";"6243e46e9c8d7d8edf2c9212984dfac9";"0";"bfd1158591baed766d071088d0f1c949";;"Ext_Property_Panel";"4120"
;"class";"5887";"4160";"8";"Ext_Property_Window";;"0";"6f901e77f107d4e322772f3e658b641a";"0";"f6a3fc60303b86269c98b3b2a5337258";;"Ext_Property_Panel";"4121"
;"class";"5890";"4133";"8";"Ext_Property_Form_Field_Hidden";;"0";"55e00ef825e08bb00426377f4ee1facc";"0";"e781b2569252d04baf18f4885e66336c";;"Ext_Property_Form_Field_Base";"4122"
;"class";"5891";"4125";"8";"Ext_Property_Form_Field_Date";;"0";"2b4113b94b0ebef0c7c9b06689840481";"0";"5ff2af557243dabd6fc614027b8b2252";;"Ext_Property_Form_Field_Picker";"4123"
;"class";"5892";"4125";"8";"Ext_Property_Form_Field_Checkbox";;"0";"7616e1754a103fdb910488a1399e38c7";"0";"c713eec65f4fc0e8a530c7fd451f0c22";;"Ext_Property_Form_Field_Picker";"4124"
;"class";"5893";"4128";"8";"Ext_Property_Form_Field_Picker";;"0";"bcd530cacc4f67d10f210b1f99912d77";"1";"7050abd2b0ab37050906165788d7beea";;"Ext_Property_Form_Field_Text";"4125"
;"class";"5894";"4133";"8";"Ext_Property_Form_Field_Display";;"0";"5bf22359ddf3d43f4a92914233f82854";"0";"7a1ce3612101ed4f5283e6fc379a72d8";;"Ext_Property_Form_Field_Base";"4126"
;"class";"5895";"4136";"8";"Ext_Property_Form_Field_Number";;"0";"40a6089a8b70ae1d7dc23a0ef6df5d7b";"0";"01289e1260c5bec2c7fff6d5860c1ad3";;"Ext_Property_Form_Field_Spinner";"4127"
;"class";"5896";"4132";"8";"Ext_Property_Form_Field_Text";;"0";"1fbcf282f112f1123a81bccabfaa520a";"0";"9eb7fc9b9550bad1d5845f41f24e3456";;"Ext_Property_Form_Field_Field";"4128"
;"class";"5897";"4125";"8";"Ext_Property_Form_Field_Time";;"0";"89e154ef1fa286c49bb36d3430ef54fd";"0";"8f89804ac5dfc2691e1bbaad1208667f";;"Ext_Property_Form_Field_Picker";"4129"
;"class";"5898";"4142";"8";"Ext_Property_Form_Field_Htmleditor";;"0";"cd925cf44ceb885d0fe711c177ee80d8";"0";"5b56a21304987a43c06f5fc244bcc362";;"Ext_Property_Form_Fieldcontainer";"4130"
;"class";"5899";"4125";"8";"Ext_Property_Form_Field_Combobox";;"0";"08808f8da7e5f93281a757792b8343e9";"0";"cc91dc1670e1f5514cac41e3b439ebab";;"Ext_Property_Form_Field_Picker";"4131"
;"class";"5900";"4133";"8";"Ext_Property_Form_Field_Field";;"0";"69ae60c0c4a356afffdf6d09dadbdf29";"1";"0cb49ae65c33b61572afcf93e9877016";;"Ext_Property_Form_Field_Base";"4132"
;"class";"5901";"4161";"8";"Ext_Property_Form_Field_Base";;"0";"08e8d0cda6dc0e44beb7d552d1d78a4e";"1";"654785ecd56a3668b51b2b61fe5e6de1";;"Ext_Property_Component";"4133"
;"class";"5902";"4128";"8";"Ext_Property_Form_Field_Textarea";;"0";"e8a89d31544d639f02322ee6e5c2688b";"0";"b0d8ce8d0280040f9408b7d915384dca";;"Ext_Property_Form_Field_Text";"4134"
;"class";"5903";"4124";"8";"Ext_Property_Form_Field_Radio";;"0";"f46ef3b48ff02c7b193bfb71e47ebdcd";"0";"2299a9bd8cece9af50689293ccd08e93";;"Ext_Property_Form_Field_Checkbox";"4135"
;"class";"5904";"4128";"8";"Ext_Property_Form_Field_Spinner";;"0";"954761ab581a590062a3994069664711";"0";"ef482bfb58af5eb7ca8e2f9995b4ae02";;"Ext_Property_Form_Field_Text";"4136"
;"class";"5905";"4128";"8";"Ext_Property_Form_Field_File";;"0";"0bd22046f2bbf4d470d44bca926d4d7a";"0";"641e498891e83c56ddcd007409f49cdd";;"Ext_Property_Form_Field_Text";"4137"
;"class";"5906";"4139";"8";"Ext_Property_Form_Radiogroup";;"0";"e1e4d1495278b60956faea8f43f7b648";"0";"4e8849ec3d1231001cac1e1c2c2cf172";;"Ext_Property_Form_Checkboxgroup";"4138"
;"class";"5907";"4142";"8";"Ext_Property_Form_Checkboxgroup";;"0";"8b54663a398481877d21cb9653a0cdfc";"0";"1d5578dbde80ddfc1bfe437412e8b64c";;"Ext_Property_Form_Fieldcontainer";"4139"
;"class";"5908";"4162";"8";"Ext_Property_Form_Fieldset";;"0";"d005595ec3a3d9b2472c29d8c2ffbe25";"0";"5f698318f202a62e8bdb0e6f494c301e";;"Ext_Property_Container";"4140"
;"trait";"5909";NULL;"8";"Ext_Property_Form_Labelable";;"0";"6b87d2f51a3a2bbdee89c330241501d2";"0";"29011f51b9e509cbd07e09ad9c3d0e38";;;"4141"
;"class";"5910";"4162";"8";"Ext_Property_Form_Fieldcontainer";;"0";"7e73d59cd6c78745db67c942a64db1a8";"0";"4f8c22f9ea683525468051a5c056491a";;"Ext_Property_Container";"4142"
;"class";"5912";"4159";"8";"Ext_Property_Button_Split";;"0";"8e9257d951a7e39b449dbde84a50c443";"0";"449845e18359b6ae144ff1b39096a645";;"Ext_Property_Button";"4143"
;"class";"5913";"4161";"8";"Ext_Property_View";;"0";"10a2118909ca971e911e80a9f70885ea";"0";"1ce55fc71294e23cb961cad008259311";;"Ext_Property_Component";"4144"
;"class";"5917";"4160";"8";"Ext_Property_Component_Field_System_Related";;"0";"a490a9ca582a5973eab5be1b70baddab";"0";"e7340b80aacea83fe664f68b6ed9ffb6";;"Ext_Property_Panel";"4145"
;"class";"5918";"4131";"8";"Ext_Property_Component_Field_System_Dictionary";;"0";"668eaae2f27551d3484317fafd6e42ce";"0";"6fec07fb5445ad2fc3906c5d75a817a8";;"Ext_Property_Form_Field_Combobox";"4146"
;"class";"5919";"4160";"8";"Ext_Property_Component_Field_System_Objectslist";;"0";"d589d5b2c00e63830e534be919dd5d80";"0";"64978e2e1d935a06699a39f236e5c8cb";;"Ext_Property_Panel";"4147"
;"class";"5920";"4160";"8";"Ext_Property_Component_Field_System_Medialibhtml";;"0";"872ad5d7e2288bb28f4f07777f82c156";"0";"07e9199ea503b7653550df587bbe26e9";;"Ext_Property_Panel";"4148"
;"class";"5921";"4142";"8";"Ext_Property_Component_Field_System_Objectlink";;"0";"8caea97e3dbc3e6062cbe1e3b035621f";"0";"55134053866c0a3e218d00a63ecc2ce7";;"Ext_Property_Form_Fieldcontainer";"4149"
;"class";"5922";"4199";"8";"Ext_Property_Component_Field_System_Searchfield";;"0";"292b89d2aba798569d85fa3764040845";"0";"fcd0ffe4445318efef8f3342f6fb2fb5";;"Ext_Property";"4150"
;"class";"5923";"4126";"8";"Ext_Property_Component_Field_System_Medialibitem";;"0";"929bd87e3eaa88e677d1aac97f567de5";"0";"b7e33c7f459b4a04f606a9a3891deefd";;"Ext_Property_Form_Field_Display";"4151"
;"class";"5927";"4153";"8";"Ext_Property_Component_Window_System_Crud_Vc";;"0";"1ea1faa09c0baad48ffa94a806c8ec73";"0";"1670c694692c6a8a8217221612899310";;"Ext_Property_Component_Window_System_Crud";"4152"
;"class";"5928";"4121";"8";"Ext_Property_Component_Window_System_Crud";;"0";"207d2eb3f0c2ce42cc3cf282382204d8";"0";"4209da2e2ae6f28d54da819b760689c5";;"Ext_Property_Window";"4153"
;"class";"5929";"4199";"8";"Ext_Property_Component_Filter";;"0";"83e2299edb3eee92f788387ea5f5fcb0";"0";"92a34f5ada75a686dd044971343f3792";;"Ext_Property";"4154"
;"class";"5930";"4176";"8";"Ext_Property_Grid";;"0";"bb12cc5d364b7ff4912e16e02b3a1d53";"0";"f3a5bc49137cabee590fa29309485350";;"Ext_Property_Table";"4155"
;"class";"5931";"4162";"8";"Ext_Property_Toolbar";;"0";"60e89eba359c8098d1b1b9db4bc97a9e";"0";"8b0cf4734a5a591de5676f0ad4b5f865";;"Ext_Property_Container";"4156"
;"class";"5932";"4160";"8";"Ext_Property_Tabpanel";;"0";"12505ccc9b8645a7dbc688c07e31e137";"0";"89e4a70d02211ee50d5d32fbafa8776e";;"Ext_Property_Panel";"4157"
;"class";"5933";"4176";"8";"Ext_Property_Tree";;"0";"ca886f9634631061b6ce84eaec91fa24";"0";"b444303bdbf70bf40d6be21ae91aba32";;"Ext_Property_Table";"4158"
;"class";"5934";"4161";"8";"Ext_Property_Button";;"0";"a9e9345e2d8eaeaed0e5cdefc457b1f9";"0";"06d8518b1d4d221a133eed7192425c8e";;"Ext_Property_Component";"4159"
;"class";"5935";"4162";"8";"Ext_Property_Panel";;"0";"5d7d925225d03c90569a0e52c560bd1b";"0";"b6270403d3b9d24ea1d3ce5b5d82255c";;"Ext_Property_Container";"4160"
;"class";"5936";"4199";"8";"Ext_Property_Component";;"0";"bf6064b289f67bda5749163893b29205";"0";"9e5fa6e7050538704a22dcb9cfe2e70d";;"Ext_Property";"4161"
;"class";"5937";"4161";"8";"Ext_Property_Container";;"0";"8a231485324d3dbf8e4202bf21abc85c";"0";"59cb378fe4894ea98a823a07f3da6a5d";;"Ext_Property_Component";"4162"
;"class";"5939";"4120";"8";"Ext_Property_Menu_Colorpicker";;"0";"d31acd063ccfbb23f8664f91e9698e1b";"0";"06ee08e5e96144f2040526549238fd14";;"Ext_Property_Menu";"4163"
;"class";"5940";"4161";"8";"Ext_Property_Menu_Item";;"0";"8b11c0cec636dab61425e44e34d9b6ce";"0";"308fd7713f3cdbe1bec2ee96fc0244b4";;"Ext_Property_Component";"4164"
;"class";"5941";"4120";"8";"Ext_Property_Menu_Datepicker";;"0";"a2380e1f2d78ad2d16763b29573a683b";"0";"3e80c12501ca4bd60d5021296a32c1c8";;"Ext_Property_Menu";"4165"
;"class";"5942";"4164";"8";"Ext_Property_Menu_Separator";;"0";"aace187114139d86695724eac436f63a";"0";"e084217c2dfce18995943968e7af854a";;"Ext_Property_Menu_Item";"4166"
;"class";"5943";"4164";"8";"Ext_Property_Menu_Checkitem";;"0";"2181da5552e89688c10263f8af167f6e";"0";"c0322be8671439a492b24b695517c5fc";;"Ext_Property_Menu_Item";"4167"
;"class";"5944";"4199";"8";"Ext_Property_Model";;"0";"11c89c30f4f740895e17ac80064df7f5";"0";"9788b5b58beac8a90ef1b57d8c569f00";;"Ext_Property";"4168"
;"class";"5946";"4144";"8";"Ext_Property_View_Table";;"0";"7d4488b0f444a5de347c2ff0076b214a";"0";"5427985ded9108fd35ac5df67f644162";;"Ext_Property_View";"4169"
;"class";"5948";"4161";"8";"Ext_Property_Toolbar_Item";;"0";"2cfa4a942c0ffb2aa3079bdef17cd5ca";"0";"ee1b24161d491eff7f8a0eef8e9fadc0";;"Ext_Property_Component";"4170"
;"class";"5949";"4161";"8";"Ext_Property_Toolbar_Fill";;"0";"99a6f02117555f222462f44e3db4e4e9";"0";"c9d5ef9b3c153cb14473c3843265109b";;"Ext_Property_Component";"4171"
;"class";"5950";"4156";"8";"Ext_Property_Toolbar_Paging";;"0";"02008ce7087f39f3b10bc42586f57346";"0";"1b8575761ebb8f139719f27276f8bb6e";;"Ext_Property_Toolbar";"4172"
;"class";"5951";"4170";"8";"Ext_Property_Toolbar_Textitem";;"0";"b2c12c3b8cdc01722896298762f49ffe";"0";"075d6856ec13cc1b01f1f439e91d9424";;"Ext_Property_Toolbar_Item";"4173"
;"class";"5952";"4170";"8";"Ext_Property_Toolbar_Separator";;"0";"c871f8e6fadc2acd9e491dee0734693a";"0";"122a9a5357180370488315b9e2162c5b";;"Ext_Property_Toolbar_Item";"4174"
;"class";"5953";"4161";"8";"Ext_Property_Toolbar_Spacer";;"0";"be07c7de83c39ccbcb1c0728e9b7f644";"0";"f48a3974cd57d0ee9e0a61b459a22315";;"Ext_Property_Component";"4175"
;"class";"5954";"4160";"8";"Ext_Property_Table";;"0";"fdecc7860d0b480174d693b9d87a598f";"0";"abcf7bd73dadd7c929ea15b2b0046d38";;"Ext_Property_Panel";"4176"
;"class";"5955";"4160";"8";"Ext_Property_Form";;"0";"177a1bce89e8e129d1b88eef26f6b8b9";"0";"bf40bbe7c168c372c4ebbf9fca56e3b2";;"Ext_Property_Panel";"4177"
"Main class for extjsobject events description";"class";"5956";NULL;"8";"Ext_Events";;"0";"82406632e5c9c868c6efdd5d68ac4c4f";"0";"f8be107db6d2fdb5f2b157b6541fb36f";;;"4178"
;"class";"5958";"4073";"8";"Ext_Grid_Column";;"0";"c5eb7d10a148be4ca0aa8c3a058750f2";"0";"209cab37f6c34beb7eed167ac313a092";;"Ext_Object";"4179"
"Boolean column as none virtual object";"class";"5960";"4179";"8";"Ext_Grid_Column_Check";;"0";"6e6e1c58a8b16b79ae9b6f2f23cfb05c";"0";"f2f9ce31a343f513c4e1371b653f93af";;"Ext_Grid_Column";"4180"
"Date column as none virtual object";"class";"5961";"4179";"8";"Ext_Grid_Column_Date";;"0";"a70307542293cbf0e5e524752914eda3";"0";"2d0dfe486e497cab73515b7175bde2ef";;"Ext_Grid_Column";"4181"
"Number column as none virtual object";"class";"5962";"4179";"8";"Ext_Grid_Column_Number";;"0";"78e11a3ba973052dd2c0eb244eaef965";"0";"4020e58966704827e500751354c1f690";;"Ext_Grid_Column";"4182"
"Template column as none virtual object";"class";"5963";"4179";"8";"Ext_Grid_Column_Template";;"0";"6bde3c9b8c1cdfd1cfc4ad281e7567aa";"0";"c53d465a2037a5394b7570f365161219";;"Ext_Grid_Column";"4183"
"Action column for data grid";"class";"5964";"4179";"8";"Ext_Grid_Column_Action";;"0";"dec60d55a94254d61cd65c511d279663";"0";"064e3bf87e1c21fa2ed584a7343a9277";;"Ext_Grid_Column";"4184"
"Boolean column as none virtual object";"class";"5965";"4179";"8";"Ext_Grid_Column_Boolean";;"0";"8813d4d53b5405b9b50a9fb65db8a070";"0";"b96411c6d82a98e8a1689137ff94b924";;"Ext_Grid_Column";"4185"
;"class";"5967";"4228";"8";"Ext_Grid_Column_Action_Button";;"0";"b5d6ee229b821bf4c6d216c853b0a57d";"0";"679597a4b1ce61d77004c0eaf7add91c";;"Ext_Button";"4186"
"Class Ext_Grid_Filter_Numeric
Deprecated class used for DVelum 0.9.x projects import";"class";"5969";"4189";"8";"Ext_Grid_Filter_Numeric";;"1";"b4252da80ac9bc23b7be50cdfd102b89";"0";"1b04f6732fdcd0e15edf67f822822ad3";;"Ext_Grid_Filter_Number";"4187"
;"class";"5970";"4194";"8";"Ext_Grid_Filter_Date";;"0";"b0348bf60af14f7cbdfdf9892ac8e28b";"0";"4e418817c698143a849972c1274bdc93";;"Ext_Grid_Filter";"4188"
;"class";"5971";"4194";"8";"Ext_Grid_Filter_Number";;"0";"4feffe588161a4ddaafcb2714b766907";"0";"f786c99c3978895cda42176c75cda408";;"Ext_Grid_Filter";"4189"
;"class";"5972";"4194";"8";"Ext_Grid_Filter_List";;"0";"f85bdf2b2f4397cfba7c52d96bc3bb65";"0";"71806fa7307c1fb4bc03977c642fcd7d";;"Ext_Grid_Filter";"4190"
;"class";"5973";"4188";"8";"Ext_Grid_Filter_Datetime";;"0";"9e75cc08a92f75c1df08b3ecab49aa85";"0";"85edab5c354d8b8f6e775f052c38f267";;"Ext_Grid_Filter_Date";"4191"
;"class";"5974";"4194";"8";"Ext_Grid_Filter_String";;"0";"5d0d795f5cc1436db1f69f5a4cf38191";"0";"1dc01a9c71e1c933fa4112683648e152";;"Ext_Grid_Filter";"4192"
;"class";"5975";"4194";"8";"Ext_Grid_Filter_Boolean";;"0";"90048d0de3502fb4afa75c05779257f3";"0";"5a89e35285aa078e7bd6d73e21b8283d";;"Ext_Grid_Filter";"4193"
;"class";"5976";"4073";"8";"Ext_Grid_Filter";;"0";"33d1d6319ab8a61fe506d5ee6d608365";"1";"1778411e2aaf8743c61d7de23b8ba78b";;"Ext_Object";"4194"
"Class Ext_Grid_Filtersfeature
Deprecated class used for DVelum 0.9.x projects import";"class";"5977";"4073";"8";"Ext_Grid_Filtersfeature";;"1";"2050e98806ac277544aff7b7b84fd025";"0";"41cdc7810917285efa8015f72a036bef";;"Ext_Object";"4195"
"Model field";"class";"5979";"4095";"8";"Ext_Model_Field";;"1";"6c7085041c6fdd51c17f8246e5c7a74e";"0";"21ed9e285ad770fde2ca4e0a6c70344b";;"Ext_Property_Data_Field";"4196"
;"class";"5980";NULL;"8";"Ext_Model_Association";;"0";"f100ab2d49c698fc489a985e1d0411fa";"0";"8a0416add2243fb5a092e52360106dda";;;"4197"
;"class";"5981";NULL;"8";"Ext_Model_Validation";;"0";"e3a43d8f99ac50042ac7e1c075afbdca";"0";"4228b763c8966120026739a5093cfab3";;;"4198"
"Main class for extjs property sets";"class";"5982";NULL;"8";"Ext_Property";;"0";"fd7f11712ccd5c39d54e5fcc0ba0a226";"1";"e60e3c721e970e35a9f080a93916efe8";;;"4199"
;"class";"5986";"4219";"8";"Ext_Component_Renderer_System_Multiline";;"0";"a7fc90aa2ba20add80f29d3fca2cd3a0";"0";"563f2ec7a4194b1091ad82e587c2e8ac";;"Ext_Component_Renderer";"4200"
;"class";"5987";"4219";"8";"Ext_Component_Renderer_System_Image";;"0";"38b182ba5ffb4d98ae9c7fb8b71a7569";"0";"406095ddae982c51a4ce407c908073f4";;"Ext_Component_Renderer";"4201"
;"class";"5988";"4219";"8";"Ext_Component_Renderer_System_Updater";;"0";"4e679f4ecc86f2de2a4d01ccf2d18118";"0";"3a41f3c65068bd1d7def1929d5c35330";;"Ext_Component_Renderer";"4202"
;"class";"5990";"4219";"8";"Ext_Component_Renderer_System_User_Allchecked";;"0";"88002afe09563babb4b796462afdf97d";"0";"bc210b12ca3ea1c110f8d2e56998f758";;"Ext_Component_Renderer";"4203"
;"class";"5991";"4219";"8";"Ext_Component_Renderer_System_User_Publish";;"0";"ca172abc66ec6450f842a035595ae899";"0";"1ba052536110cb1f37dba7064eed682d";;"Ext_Component_Renderer";"4204"
;"class";"5992";"4219";"8";"Ext_Component_Renderer_System_Checkbox";;"0";"dc37ccf9bc3a58c8cc94061f59de80b0";"0";"7745a2f226ea7e118453d31b4a21ba01";;"Ext_Component_Renderer";"4205"
;"class";"5994";"4219";"8";"Ext_Component_Renderer_System_Date_Ru";;"0";"64d418b07d37a53eb6ebe9d405cc408f";"0";"6f86644688f45af5d7ac8c3a8f0922f8";;"Ext_Component_Renderer";"4206"
;"class";"5995";"4219";"8";"Ext_Component_Renderer_System_Version";;"0";"8c97947daa2bf21b268701764a5dc05d";"0";"6bea060a140f53f4d25252c832a1f489";;"Ext_Component_Renderer";"4207"
;"class";"5996";"4219";"8";"Ext_Component_Renderer_System_Creator";;"0";"d1e85509a7f2ebccd4bdeddd7e8ed35f";"0";"8d0960fa29a230da2c820e4edcc811ba";;"Ext_Component_Renderer";"4208"
;"class";"5997";"4219";"8";"Ext_Component_Renderer_System_Url";;"0";"96574637d3136d32e2800b2539f0dbda";"0";"5f0a587cd51a50fc157742e99d2874db";;"Ext_Component_Renderer";"4209"
;"class";"5998";"4219";"8";"Ext_Component_Renderer_System_Publish";;"0";"9a3425b95897c5efd1c50010544d21bd";"0";"97a92698ba3cad2b4c40d89bcf3fed76";;"Ext_Component_Renderer";"4210"
;"class";"6000";"4219";"8";"Ext_Component_Renderer_System_Money_Us";;"0";"9970914dd32879234a2edb43224163d2";"0";"e77261871ed78a49d66f22598644d9f7";;"Ext_Component_Renderer";"4211"
;"class";"6003";"4222";"8";"Ext_Component_Field_System_Related";;"0";"b1d8a4ac108b10573f108f530acf4755";"0";"949aa80a841b4696b6db1c7209bb5c8d";;"Ext_Component_Field";"4212"
;"class";"6004";"4222";"8";"Ext_Component_Field_System_Dictionary";;"0";"0a2d5e9c3a169007b909ba659c91026d";"0";"3383860359dc546431ed851a49d8ff8c";;"Ext_Component_Field";"4213"
;"class";"6005";"4222";"8";"Ext_Component_Field_System_Objectslist";;"0";"941b373055545399b8fd1b3048fc42ab";"0";"931428bb603c9831d84724a4a8aa7b80";;"Ext_Component_Field";"4214"
;"class";"6006";"4222";"8";"Ext_Component_Field_System_Medialibhtml";;"0";"b4829459b463e4f601bbe1ac5ed3bdab";"0";"e246acd9bf94ee29e7f970a77fc8e75a";;"Ext_Component_Field";"4215"
;"class";"6007";"4222";"8";"Ext_Component_Field_System_Objectlink";;"0";"884b99098fe3e7998c87a6677f38953e";"0";"142e21867a85ef5e21632e3743e7fe98";;"Ext_Component_Field";"4216"
;"class";"6008";"4222";"8";"Ext_Component_Field_System_Searchfield";;"0";"86c2b4f7427e6ef4e6bdcd9defe19fa0";"0";"7729a8d407ce597afdc63df16ea7ec7d";;"Ext_Component_Field";"4217"
;"class";"6009";"4222";"8";"Ext_Component_Field_System_Medialibitem";;"0";"710e099006f52105b433a4a01f52f45f";"0";"b28a65a65f61baec058778f794a3bea4";;"Ext_Component_Field";"4218"
;"class";"6010";NULL;"8";"Ext_Component_Renderer";;"0";"c0f9260485c38f8a8c84fddef46e0fcc";"1";"6fc8cb96973891f790ab5673101fc2bd";;;"4219"
;"class";"6012";"4223";"8";"Ext_Component_Dictionary_Renderer";;"0";"2db15fd217841c574fb52f5c5ebcc2a2";"0";"1624acdf6668475325738211b5ef8f5b";;"Ext_Component_Abstract_Renderer_Dictionary";"4220"
;"class";"6013";"4073";"8";"Ext_Component_Filter";;"0";"7e0bbd25b9a81d1479c726629bc00d96";"0";"ff3bc0a07dfefaf6b84b09e4061378c3";;"Ext_Object";"4221"
;"class";"6014";"4073";"8";"Ext_Component_Field";;"0";"bf2943986557c2df7ab380c5d63f3308";"1";"0b10af2134fe8fc2eda30f817fb9e0b5";;"Ext_Object";"4222"
;"class";"6017";"4219";"8";"Ext_Component_Abstract_Renderer_Dictionary";;"0";"8bf6f66564a9ec2bb2b36cceb56c2d20";"1";"d81577b6e6b61b894e8ae69990542bd8";;"Ext_Component_Renderer";"4223"
;"class";"6018";NULL;"8";"Ext_Code";;"0";"6a99ecb42cddb016947e5639a7c6bdcc";"0";"a66de7e9c5509cc40727a6a2b4058593";;;"4224"
"Ext data grid implementation";"class";"6019";"4073";"8";"Ext_Grid";;"0";"cfb4e5a7dba35b30ec3334644e8d5199";"0";"db037ba6ef1730c613559f5634297443";;"Ext_Object";"4225"
;"class";"6020";NULL;"8";"Ext_Factory";;"0";"ced46f40ab25ff02fcf4ca0096bf054e";"0";"db9e0d992d393d22c8f76d3f0db02d69";;;"4226"
"Class for objects that are generated without the Specialized logic";"class";"6021";"4073";"8";"Ext_Virtual";;"0";"4a21243c197819b4ed87910030af8e3d";"0";"e7eeb0d4c0ff7774d8df8044c8f37bf2";;"Ext_Object";"4227"
"Ext Button Object";"class";"6022";"4073";"8";"Ext_Button";;"0";"5871509fb4fa609df148b5785ee5d6f5";"0";"68a9978a24205c483e3f693c92ac1fa9";;"Ext_Object";"4228"
;"class";"6026";NULL;"8";"Ext_Helper_Grid_Column_Renderer";;"0";"4d26fa357ae7aea853ea9c4b640c1407";"0";"7f1d03f3cd9c071c2468338cd198c93b";;;"4229"
"Class describes Ext_Object configuration (property helper)";"class";"6027";NULL;"8";"Ext_Config";;"0";"e0bd57dccc939324cdb00dcd65b6ed96";"0";"c3f4de35057e226b94f48efa435415a7";;;"4230"
"Ext Model implementation";"class";"6028";"4073";"8";"Ext_Model";;"0";"93f323e925dc47e29ab0714376296c7d";"0";"f75137ad9fb131d90628576350b3c559";;"Ext_Object";"4231"
;"class";"6031";"4233";"8";"Ext_Events_Data_Store";;"0";"a8dbfc5098af2c5cbb0b5aa60b27dc6d";"0";"cccec967619d0ef163a6700948a19427";;"Ext_Events_Data_Proxystore";"4232"
;"class";"6032";"4234";"8";"Ext_Events_Data_Proxystore";;"0";"46fae135bfee1b1c9e95e281b23326d9";"0";"267b0df827ffb87a58d95541b7d1dd70";;"Ext_Events_Data_Abstractstore";"4233"
;"class";"6033";"4178";"8";"Ext_Events_Data_Abstractstore";;"0";"d0483113ffb460588a6c0f606de23cd8";"1";"1787c8e3232562aadbd519b7b6a29e37";;"Ext_Events";"4234"
;"class";"6035";"4232";"8";"Ext_Events_Data_Store_Tree";;"0";"61d2901d1df53161d1c473cd2d91b0b0";"0";"a8c5fbf1ba565ade42dbc796ba8c9ced";;"Ext_Events_Data_Store";"4235"
;"class";"6036";"4288";"8";"Ext_Events_Image";;"0";"4f927f5c5b70154630a4578cd2c17f2f";"0";"8fa273a6324dc2c38d295f916d79a1b5";;"Ext_Events_Component";"4236"
;"class";"6037";"4232";"8";"Ext_Events_Store";;"0";"ab8c68afd11d8b0dc5837e6abac5c14a";"0";"7f4a64211529e43fa465b9e35dc86993";;"Ext_Events_Data_Store";"4237"
;"class";"6038";"4287";"8";"Ext_Events_Buttongroup";;"0";"70eeec70d39ab40ddf32b7e433f334b1";"0";"bcbe067f135b92c896c155092441f023";;"Ext_Events_Panel";"4238"
;"class";"6040";"4289";"8";"Ext_Events_Grid_Column";;"0";"b1b4579571db5664107f9242b23acc85";"0";"51107a3a5428e26f8588329a2addc8c4";;"Ext_Events_Container";"4239"
;"class";"6042";"4239";"8";"Ext_Events_Grid_Column_Check";;"0";"41d0f751d2b3bc0002f24d4f56ba3e91";"0";"dc9f6b90d0a7866337bad2f2429b0f31";;"Ext_Events_Grid_Column";"4240"
;"class";"6043";"4239";"8";"Ext_Events_Grid_Column_Date";;"0";"08175d7a8e39c68f2f4828b9443b52a7";"0";"89f6b351fa404614697f3d5167be7ea8";;"Ext_Events_Grid_Column";"4241"
;"class";"6044";"4239";"8";"Ext_Events_Grid_Column_Number";;"0";"796a3aab4ad4947547427af212d8df75";"0";"72691f77ad04d3f765f345c39a0a8ab8";;"Ext_Events_Grid_Column";"4242"
;"class";"6045";"4239";"8";"Ext_Events_Grid_Column_Template";;"0";"ad905cd125b1f0185a01425a6c67d683";"0";"2d2d3d653bbb19db56c0ad5b019231e0";;"Ext_Events_Grid_Column";"4243"
;"class";"6046";"4239";"8";"Ext_Events_Grid_Column_Action";;"0";"3d2a56c116b77ab4e1c5677e0f53b92f";"0";"42bdfa920f5f78300aee4c403fa01d5d";;"Ext_Events_Grid_Column";"4244"
;"class";"6047";"4239";"8";"Ext_Events_Grid_Column_Boolean";;"0";"4e923657ea7847d936ea0a86d9d72bf4";"0";"0fd6b0a34c7487808c9e2929b9082add";;"Ext_Events_Grid_Column";"4245"
;"class";"6049";"4178";"8";"Ext_Events_Grid_Column_Action_Button";;"0";"989c44c3a8b9ccd6739b824b681fad0f";"0";"c453278ba41dc179b4ae79aec6209a0c";;"Ext_Events";"4246"
;"class";"6051";"4253";"8";"Ext_Events_Grid_Filter_Date";;"0";"766f81931cc70be19514cbfa4ca7f12f";"0";"ae2532a58cde838a00b009a2f2f9589e";;"Ext_Events_Grid_Filter";"4247"
;"class";"6052";"4253";"8";"Ext_Events_Grid_Filter_Number";;"0";"c39d33d9abe45d08e1d3a678e92b472e";"0";"9efbf98042067928c4f5c056493ee1a6";;"Ext_Events_Grid_Filter";"4248"
;"class";"6053";"4253";"8";"Ext_Events_Grid_Filter_List";;"0";"5f50daa60c6ca4460f0d60f9fceca12e";"0";"93a6f8aac4b79bf123b83813064972d0";;"Ext_Events_Grid_Filter";"4249"
;"class";"6054";"4247";"8";"Ext_Events_Grid_Filter_Datetime";;"0";"36d136d4a80b36121e6dd16c0844e0ff";"0";"20bc920e26a3d2e0af776cfb84bfbb25";;"Ext_Events_Grid_Filter_Date";"4250"
;"class";"6055";"4253";"8";"Ext_Events_Grid_Filter_String";;"0";"1c38b895c2461bfbc4de3068f3f6471a";"0";"933fd88e5f982b58f90c73232b6c254a";;"Ext_Events_Grid_Filter";"4251"
;"class";"6056";"4253";"8";"Ext_Events_Grid_Filter_Boolean";;"0";"b26f754cdc0f1853594eb2109df990c9";"0";"a948313a195af50fc4ca251e245186ae";;"Ext_Events_Grid_Filter";"4252"
;"class";"6057";"4178";"8";"Ext_Events_Grid_Filter";;"0";"d6db48fe6f9913466c48a677aa1297fa";"0";"208de8cde41ad4d1194b719fdefc2596";;"Ext_Events";"4253"
;"class";"6058";"4287";"8";"Ext_Events_Menu";;"0";"2fe666b4e6cdd8937916190377d73e20";"0";"610419231de089685887378328f6d7f4";;"Ext_Events_Panel";"4254"
;"class";"6059";"4287";"8";"Ext_Events_Window";;"0";"806f69d69a1773c4b2b9af81f5b47b11";"0";"539c292518c9f4b5ca53948431596aaa";;"Ext_Events_Panel";"4255"
;"class";"6062";"4258";"8";"Ext_Events_Form_Field_Date";;"0";"ac992b4c1d4ff23eab8f0c3167f29c30";"0";"d1724be22bcebf0de68ecdfa2138c8bd";;"Ext_Events_Form_Field_Picker";"4256"
;"class";"6063";"4266";"8";"Ext_Events_Form_Field_Checkbox";;"0";"4b230631d368fff1d2e20b43a14f2338";"0";"f997e96c4a8018fd92f46ce3b4643d9b";;"Ext_Events_Form_Field_Base";"4257"
;"class";"6064";"4261";"8";"Ext_Events_Form_Field_Picker";;"0";"6a4b3bab2a3c5c1290c1a6705b28c927";"1";"75dd75f6ef7edf4978e7a087df5d21e7";;"Ext_Events_Form_Field_Text";"4258"
;"class";"6065";"4266";"8";"Ext_Events_Form_Field_Display";;"0";"162bda47d1b0f11759f5c797c9a704b0";"0";"8dcfef3145f495dddad911c3bc599f68";;"Ext_Events_Form_Field_Base";"4259"
;"class";"6066";"4269";"8";"Ext_Events_Form_Field_Number";;"0";"79907735e8489d5935ef3a4e69de1901";"0";"c1d6be6847c818e8bc1d476ec5a848a5";;"Ext_Events_Form_Field_Spinner";"4260"
;"class";"6067";"4266";"8";"Ext_Events_Form_Field_Text";;"0";"f7d676d56af6db79252ae8f5500ff789";"0";"c960505325f49b0a6cabfa0bf6150346";;"Ext_Events_Form_Field_Base";"4261"
;"class";"6068";"4258";"8";"Ext_Events_Form_Field_Time";;"0";"3b4bbcd80189853cd85d262eadd958c6";"0";"9132f8fa163812c45bda30f54001cce1";;"Ext_Events_Form_Field_Picker";"4262"
;"class";"6069";"4288";"8";"Ext_Events_Form_Field_Htmleditor";;"0";"ba7c14113cd30a392a2965b95cdad886";"0";"af96b7449309c4ec9fbbf633cb2fe541";;"Ext_Events_Component";"4263"
;"class";"6070";"4258";"8";"Ext_Events_Form_Field_Combobox";;"0";"abc13a1ccf21d231b9dbfee8033d172a";"0";"3bfa566a68aaa77c9232e1af5386ca8d";;"Ext_Events_Form_Field_Picker";"4264"
"Field Event abstract (class name based on sencha architecture)";"class";"6071";"4266";"8";"Ext_Events_Form_Field_Field";;"0";"461321d5961dd2be58abecb53591a404";"1";"86e964a65a494447dec623e76ff836b9";;"Ext_Events_Form_Field_Base";"4265"
"Bsse Field Event abstract (class name based on sencha architecture)";"class";"6072";"4288";"8";"Ext_Events_Form_Field_Base";;"0";"7a8ea6a13750cee1f5d9003825d4ed95";"1";"059eab217818485b515f7d8458f14ad6";;"Ext_Events_Component";"4266"
;"class";"6073";"4261";"8";"Ext_Events_Form_Field_Textarea";;"0";"12bb32c1f5f7d1e7e818b45a2da1702b";"0";"317a854cabffb8d7f6c01ed93593fc90";;"Ext_Events_Form_Field_Text";"4267"
;"class";"6074";"4257";"8";"Ext_Events_Form_Field_Radio";;"0";"e439f2f57ed9ccaad6374e16e2d4cda9";"0";"dda4a18493f3d336c609a76951b61484";;"Ext_Events_Form_Field_Checkbox";"4268"
;"class";"6075";"4261";"8";"Ext_Events_Form_Field_Spinner";;"0";"7a873b57d16176384d351c5dd8bb2675";"1";"16171c26c72554cc38409383437e1a3c";;"Ext_Events_Form_Field_Text";"4269"
;"class";"6076";"4261";"8";"Ext_Events_Form_Field_File";;"0";"b9a4b976f7e370115c425c71f995123f";"0";"96e791d9bc77378c5b73a82b6a783c8e";;"Ext_Events_Form_Field_Text";"4270"
;"class";"6077";"4272";"8";"Ext_Events_Form_Radiogroup";;"0";"929babaf135e9859aa27c63e9ceaffd4";"0";"20f3f49f60183e947ad40b2796da70b1";;"Ext_Events_Form_Checkboxgroup";"4271"
;"class";"6078";"4274";"8";"Ext_Events_Form_Checkboxgroup";;"0";"b28c58210fb983b4b7b5bcf65b0570a1";"0";"0cdb95584d2a1965f91dc6c13e7a6db4";;"Ext_Events_Form_Fieldcontainer";"4272"
;"class";"6079";"4289";"8";"Ext_Events_Form_Fieldset";;"0";"e79f94cf7992fbd28113676627ed9427";"0";"a4224d1921937486c7fd7899d01574e5";;"Ext_Events_Container";"4273"
;"class";"6080";"4289";"8";"Ext_Events_Form_Fieldcontainer";;"0";"7ba439674abeaff874bbf26ec9943d02";"0";"c3add45627e16f4c0c3082801932ffcd";;"Ext_Events_Container";"4274"
;"class";"6082";"4286";"8";"Ext_Events_Button_Split";;"0";"2f5ba66be1bdf637fb8c9c0d3ba7702d";"0";"0598a7cf8754e53ececdfd9b29563b02";;"Ext_Events_Button";"4275"
;"class";"6083";"4294";"8";"Ext_Events_View";;"0";"794e9a90cd9ccddf1d47f4867ed21e0f";"0";"b98d75a198f9f3462bb2c261e55f2ff8";;"Ext_Events_View_Abstract";"4276"
;"class";"6087";"4264";"8";"Ext_Events_Component_Field_System_Dictionary";;"0";"dff8b75b4d0fe6f111f6b36ad9cd17ae";"0";"c6e2d8d8e885326270a85ae7cb7155a1";;"Ext_Events_Form_Field_Combobox";"4277"
;"class";"6088";"4265";"8";"Ext_Events_Component_Field_System_Objectslist";;"0";"1d9243319ef9eab85141fc6246ab8b94";"0";"ab121d8fae1555164f1b44451ce8ac69";;"Ext_Events_Form_Field_Field";"4278"
;"class";"6089";"4274";"8";"Ext_Events_Component_Field_System_Objectlink";;"0";"1dfc63f911cd33094de4658bbc3e6f0a";"0";"7da85f94685a86c3625b687d51e3f57d";;"Ext_Events_Form_Fieldcontainer";"4279"
;"class";"6093";"4281";"8";"Ext_Events_Component_Window_System_Crud_Vc";;"0";"daaadc61403d7ec51fd97a41020def35";"0";"16f01810e9ff36d459568560e842abe7";;"Ext_Events_Component_Window_System_Crud";"4280"
;"class";"6094";"4255";"8";"Ext_Events_Component_Window_System_Crud";;"0";"e515f4dad139f97932ca106946e8129c";"0";"7939bdad174306ba574f1312d931a9c6";;"Ext_Events_Window";"4281"
;"class";"6095";"4301";"8";"Ext_Events_Grid";;"0";"0bd8dcf61655228bcb4cfee4468aabdc";"0";"11f9ef5a9193234e5cae0663a90325e0";;"Ext_Events_Table";"4282"
;"class";"6096";"4289";"8";"Ext_Events_Toolbar";;"0";"bf9c5079be2c117f79df2ddae7c1d2d3";"0";"6b446f606f019d31c91f57faddc91b79";;"Ext_Events_Container";"4283"
;"class";"6097";"4287";"8";"Ext_Events_Tabpanel";;"0";"9c4c90cc740765787f1a1c5af3f766d4";"0";"5e9fe750f09eec8d33cef749cf547a4c";;"Ext_Events_Panel";"4284"
;"class";"6098";"4301";"8";"Ext_Events_Tree";;"0";"609371ec264b2bdbdf6d9d55f58144ba";"0";"a082ab461b379153afb1c1a4014e4063";;"Ext_Events_Table";"4285"
;"class";"6099";"4288";"8";"Ext_Events_Button";;"0";"31f072e2bf91bd6076add198d82c421c";"0";"f76c85c1dc23034e64100cceb16260bf";;"Ext_Events_Component";"4286"
;"class";"6100";"4288";"8";"Ext_Events_Panel";;"0";"0be138a8bc43bdd6f53b1651efd8624b";"0";"e1ac51b757a0514b1fe70e6b538572f7";;"Ext_Events_Component";"4287"
;"class";"6101";"4178";"8";"Ext_Events_Component";;"0";"3fd5883e913db7d5c49fa23bc42ab111";"0";"f138c900441b507fcf80ef5f851b4813";;"Ext_Events";"4288"
;"class";"6102";"4288";"8";"Ext_Events_Container";;"0";"fe2ba496ef5c48a09ad0d36d6e3f6f45";"0";"6ee23b3ce8f3ac1f16514b005c32ecb1";;"Ext_Events_Component";"4289"
;"class";"6104";"4254";"8";"Ext_Events_Menu_Colorpicker";;"0";"336cebb93e67a5ec19804eaa15e534f6";"0";"9239872c1275553b87daf56d02ea3346";;"Ext_Events_Menu";"4290"
;"class";"6105";"4288";"8";"Ext_Events_Menu_Item";;"0";"18eab735d1a941d6543b196464eb2281";"0";"b2749696411b327b10920686263e5cf4";;"Ext_Events_Component";"4291"
;"class";"6106";"4254";"8";"Ext_Events_Menu_Datepicker";;"0";"dac0c64de39c7c3e499787cf8465e0cc";"0";"a8947ddbac21e58d4e65631709ae166d";;"Ext_Events_Menu";"4292"
;"class";"6107";"4291";"8";"Ext_Events_Menu_Checkitem";;"0";"e73e1e7bfbff193168fd1003fa92d4e8";"0";"7eb76c8fd240a00934883e757c80d09d";;"Ext_Events_Menu_Item";"4293"
;"class";"6109";"4288";"8";"Ext_Events_View_Abstract";;"0";"4c9c7ba43f8bdcd215f3306d1411625f";"0";"745170e6103f064f720bcfc9e682595f";;"Ext_Events_Component";"4294"
;"class";"6111";"4288";"8";"Ext_Events_Toolbar_Item";;"0";"9eb6fa7e8dbfcc163b529677a0fe7b70";"0";"efb92cdcd54fb3ab2779f7be57539553";;"Ext_Events_Component";"4295"
;"class";"6112";"4288";"8";"Ext_Events_Toolbar_Fill";;"0";"9118aaa36d513d5df37f57870dd7dce2";"0";"6eaadcb29f20869beffd68147d5fcd69";;"Ext_Events_Component";"4296"
;"class";"6113";"4283";"8";"Ext_Events_Toolbar_Paging";;"0";"4c3f6916b1b566a2cfad698340326b3b";"0";"341b55b6b592aa7ee068d5363ee6c11d";;"Ext_Events_Toolbar";"4297"
;"class";"6114";"4295";"8";"Ext_Events_Toolbar_Textitem";;"0";"0589ee31c7ab922f2f2e0a60bc2b3e7c";"0";"86e69819b32e850e7539da004d8d0e9f";;"Ext_Events_Toolbar_Item";"4298"
;"class";"6115";"4295";"8";"Ext_Events_Toolbar_Separator";;"0";"f5d9f0d970d9b5c046aa39c7a7d0290b";"0";"4b2830d95204aa528c76fdb1483edf58";;"Ext_Events_Toolbar_Item";"4299"
;"class";"6116";"4288";"8";"Ext_Events_Toolbar_Spacer";;"0";"f41b3038110d5d375b36d6f7f4ff4b92";"0";"b3357ac7c855303a4629eb6193a6c48f";;"Ext_Events_Component";"4300"
;"class";"6117";"4287";"8";"Ext_Events_Table";;"0";"3c4951a4f8e2dd7e22a9ecdcf3cb1c8a";"0";"d6f7074c86f7220853d4617be586b53f";;"Ext_Events_Panel";"4301"
;"class";"6118";"4287";"8";"Ext_Events_Form";;"0";"f589a66a287d6d9057f7322203f39198";"0";"4c4eec1ecd5ef7891e5bbdfa1e19386b";;"Ext_Events_Panel";"4302"
;"class";"6120";"4073";"8";"Ext_Object_Instance";;"0";"0f3a5e7eaf9729ae37daef40b19dbd94";"0";"3c0ca71d77e4dc7159c31ba97f9b8c0e";;"Ext_Object";"4303"
"File Uploader";"class";"6121";NULL;"8";"Upload";;"0";"50039d4681ef65ada9f4a4c96ed09b62";"0";"375d914024305950987d7139ee699d8a";;;"4304"
;"class";"6123";NULL;"8";"Export_Layout";;"0";"1e166f5ff43e05d80af87628ae4d6c9a";"1";"17046180c512cc30dfa0a0c1f5216581";;;"4305"
;"class";"6126";"4305";"8";"Export_Layout_Table_Csv";;"0";"8a132500bf591513320a5e535e056a58";"0";"0a4649cb3383a16ab8928d3bd10e66da";;"Export_Layout";"4306"
;"class";"6128";"4308";"8";"Export_Adapter_Csv";;"0";"2505447b2afb878dc305d0c68c445a9f";"0";"be8daca49d654c6ade550ac9f2c313ef";;"Export_Adapter_Abstract";"4307"
;"class";"6129";NULL;"8";"Export_Adapter_Abstract";;"0";"89fe0ff33c008c7687d36e2952c1ecd1";"1";"dab84a327da2ce34c8c00fe693e3fb0b";;;"4308"
"Class optimized for fast work with tree structures.
Easily handles up to 25000-30000 sets of elements (less than 1 second to fill out)
DVelum project http://code.google.com/p/dvelum/ , http://dvelum.net
Copyright (C) 2011Kirill A Egorov

This program is free software: you can redistribute it and/or modify
it under the terms of the GNU General Public License as published by
the Free Software Foundation, either version 3 of the License, or
(at your option) any later version.
 
This program is distributed in the hope that it will be useful,
but WITHOUT ANY WARRANTY; without even the implied warranty of
MERCHANTABILITY or FITNESS FOR A PARTICULAR PURPOSE.See the
GNU General Public License for more details.
 
You should have received a copy of the GNU General Public License
along with this program.If not, see .";"class";"6130";NULL;"8";"Tree";;"0";"a089ba330029e1dcf1de877740fa7455";"0";"4f869573f03782695cc9e1daeac3099a";;;"4309"
"Request wrapper";"class";"6131";NULL;"8";"Request";;"0";"a14b152f76784e65b31d10e77b9064ca";"0";"a3dd27d8afa767f24ea03bc57501775a";;;"4310"
"PSR0 Autoloader class";"class";"6132";NULL;"8";"Autoloader";;"0";"3b9c53024df0de7a49c6281b083f77c3";"0";"454cc7b7cc1abee7f2ac869f7cc6d881";;;"4311"
;"class";"6133";NULL;"8";"Cache";;"0";"830fc0d9737436da313f34faecdc6d10";"0";"72fed4aa4dba8e514ae74a7ec6557168";;;"4312"
;"interface";"6134";NULL;"8";"Log";;"0";"8dd100afd4ec9405d005221427fb5d0f";"1";"9b0a0cf6083eb97515d2051296e1a7e9";;;"4313"
;"class";"6136";NULL;"8";"Utils_Format";;"0";"f530dd7fb3fe46bcaf82cd1cc7f5b641";"0";"40cd23899f8433fa8c5d734166a31ad1";;;"4314"
;"class";"6137";NULL;"8";"Utils_Fs";;"0";"2194f9ad694550a3695498a67dd0d908";"0";"51f08220510baba7e35e234ebee6ad32";;;"4315"
;"class";"6138";NULL;"8";"Utils_String";;"0";"7617ad0a4e58a61d0b915178fb0416ab";"0";"b240e69219f6c4cec33e2db50bbd7017";;;"4316"
"Interface for validation classes";"interface";"6140";NULL;"8";"Validator_Interface";;"0";"c082062046385d81da2a97e85956522c";"1";"f1d59a8a3a08198436abb7b3942e32c9";;;"4317"
;"class";"6141";NULL;"8";"Validator_Alpha";;"0";"38d5c0da5fdae45d4abd9effa96be3fb";"0";"25a44d38d13c675ca296aea8e94fec1c";"Validator_Interface";;"4318"
;"class";"6142";NULL;"8";"Validator_Alphanum";;"0";"6e2866cd75b716994698eef5ead09946";"0";"5526aefe796dbefad8cedf8f34291b34";"Validator_Interface";;"4319"
;"class";"6143";NULL;"8";"Validator_Pagecode";;"0";"48a771d5bae9bebb35340fccc0ad2a30";"0";"50193dae5612b01dd5544a47c1634adf";"Validator_Interface";;"4320"
"Email validator";"class";"6144";NULL;"8";"Validator_Email";;"0";"bc802aa168dee6e68fba908d818c3393";"0";"8434cc34424c0d8fcea673999d7d934b";"Validator_Interface";;"4321"
;"class";"6145";NULL;"8";"Validator_Ip2long";;"0";"5c1084d63ffd7a6809c932925ea52e8a";"0";"f310599f6bb0c4d9be4c57a2d5fc3d73";"Validator_Interface";;"4322"
"Page navigator";"class";"6146";NULL;"8";"Paginator";;"0";"b3b5b85e4860a2071a2bba5cbe421c65";"0";"ec4a9aa0488d8169d7dd7aec43012cb9";;;"4323"
"Template class";"class";"6147";NULL;"8";"Template";;"0";"1ec1ad35a090ce1d341bca74e7e3a056";"0";"05a39f85e22ea8d767382d650c27a7cc";;;"4324"
"Interface for cache adapters";"interface";"6149";NULL;"8";"Cache_Interface";;"0";"5a341693412d26ae6ec0f53505edf790";"1";"1049f079a0293fc149b286bcf04de74d";;;"4325"
"Cache Backend Memcached
Simple Memcached adapter";"class";"6150";"4328";"8";"Cache_Memcached";;"0";"13c6e9367f542f69544081d9d49008f2";"0";"0450e4844af674bf709054c107066dce";"Cache_Interface";"Cache_Abstract";"4326"
"Cache Backend Memcached
Simple Memcache realisation, based on Zend_Cache";"class";"6151";"4328";"8";"Cache_Memcache";;"0";"b4aebeb51744818c7cec8501813cd7f7";"0";"99613cc0512191378126a186456ea7dc";"Cache_Interface";"Cache_Abstract";"4327"
;"class";"6152";NULL;"8";"Cache_Abstract";;"0";"8c9554e3e0ee42c5cf72faa25e6f6bd2";"1";"1e167ccae7de3a164bf7c95d18e3dcc2";;;"4328"
"APC cache adapter";"class";"6153";"4328";"8";"Cache_Apc";;"0";"d885395939aa861962bc3d22f8d0f9c8";"0";"4c34493825183a9c4f260390410ea88a";"Cache_Interface";"Cache_Abstract";"4329"
"Filter component";"class";"6154";NULL;"8";"Filter";;"0";"3332dd78ec68d64c2ff4de57b81871bc";"0";"a5ecb75f4001770e9c3b3af153859252";;;"4330"
"Storage interface";"interface";"6156";NULL;"8";"Store_Interface";;"0";"971b3af5eda8b01cd8492bcc08818ab7";"1";"7f5267b412821a3cfd59323c3eac7e6a";;;"4331"
"Session storage";"class";"6157";"4333";"8";"Store_Session";;"0";"d1e16b2c6bd0b56c7d1d0271eccab393";"0";"7f19e7f07e9badcad66e4d2eb9dba32f";"Store_Interface";"Store_Local";"4332"
"The class allows you to store data locally in the form of key value pairs
Note that null value causes the keyExists() method return false (for better perfomance)";"class";"6158";NULL;"8";"Store_Local";;"0";"0e59179973b6f09d1c46784b5f082516";"0";"f5248da2be1531070cbfb13aec760261";"Store_Interface";;"4333"
"Лог ошибок в базу данных";"class";"6160";NULL;"8";"Log_Db";;"0";"754c6bc4a94e166a7f9c8751911f6374";"0";"8d577d53aca8060e70a203e50f3f24c4";"Log";;"4334"
"Смешаный лог, пытается писать в базу если не может то в файл";"class";"6161";NULL;"8";"Log_Mixed";;"0";"00753242d4ea3b3dc36444a34f10e01e";"0";"338da83432b614e8f0933aeb76342b5e";"Log";;"4335"
;"class";"6162";NULL;"8";"Log_File";;"0";"840d47e3b3167a8baaa62e55a7b0337a";"0";"94dced942fa64c330ca2d238030fc842";"Log";;"4336"
"Configuration Object Factory";"class";"6163";NULL;"8";"Config";;"0";"23c48600bac25c283c8e0a0369058cf0";"0";"3c3680094dbda385739a01bfea9b41a4";;;"4337"
"Base class for data models";"class";"6164";NULL;"8";"Model";;"0";"2dc18aea19bc1c75c05ce9d562bb5e28";"0";"3ab35e844a43880524df3aabd02ccf06";;;"4338"
;"class";"6167";NULL;"8";"Db_Query_Condition";;"0";"de3b97bffb703b3c7717b80d5ebfbbf0";"0";"4f3775d4c26bac9587d4dadc6120df12";;;"4339"
;"class";"6168";NULL;"8";"Db_Query_Part";;"0";"a93825af3227b145d4adb8b2c620fa81";"0";"048437e18570643a824a57bf1b3a2e3e";;;"4340"
;"class";"6169";NULL;"8";"Db_Query_Storage";;"0";"6e93dce1ebbd830ca72bc59649f06eb8";"0";"0b2b4a6f87571c180d13e51db74e44bc";;;"4341"
"Abstract Base for Db_Query_Storage";"class";"6172";NULL;"8";"Db_Query_Storage_Adapter_Abstract";;"0";"b39f3d23469a72702f17c3ced1b38e31";"1";"38e2a5da942e2193de04ebcbd2ee0569";;;"4342"
"File adapter for Query_Storage";"class";"6173";"4342";"8";"Db_Query_Storage_Adapter_File";;"0";"01849cec21fac948c76078e4e91c6b65";"0";"0c5b8b324da68c974f8ea32bd93f6546";;"Db_Query_Storage_Adapter_Abstract";"4343"
"Database Object class. ORM element.";"class";"6174";NULL;"8";"Db_Object";;"0";"808ecbbb41865f112f08a22c10e52665";"0";"68950c75d60a8542ef6abb717938fe12";;;"4344"
"ORM query class, used in Report Constructor";"class";"6175";NULL;"8";"Db_Query";;"0";"8973859bdf3d461af8b0c8a4e2dc3c27";"0";"7f8b427954367db793db7bdba229df93";;;"4345"
;"interface";"6177";NULL;"8";"Db_Manager_Interface";;"0";"a6120d4be774846c7289f95c180a778b";"1";"23849ff083dd1ce9126a017c8773e33e";;;"4346"
;"class";"6179";NULL;"8";"Db_Select_Filter";;"0";"f614973dfe28767bbed7397f512764d3";"0";"8428cfdaffb922df867be768bf1a4779";;;"4347"
"Class for building SQL SELECT queries
Represents an implementation of the Zend_Db_select interface,
features simplified logic and better performance.
Functionality is practically identical to that of Zend_Db_Select, so it is easy to use for those, who is familiar with the latter.
introduced in DVelum 0.9";"class";"6180";NULL;"8";"Db_Select";;"0";"e20d35e1bd0d515c6fee8c14edf6e2b0";"0";"09245a6407e57c0ec6165b56e0122df0";;;"4348"
;"class";"6183";NULL;"8";"Db_Adapter_Mysqli_Statement";;"0";"311e47d0a071818d97d7b5cf7251b1c8";"0";"56d06cddefab98f56a58b217c40a4050";"Zend_Db_Statement_Interface";"Zend_Db_Statement_Mysqli";"4349"
"Extended Misqli adapter
Error handler implementation, performance patch, Db_Select , Light Version";"class";"6184";NULL;"8";"Db_Adapter_Mysqli";;"0";"6549af8775be054df30d9807c4da2420";"0";"c44a41ab148c82e99470027f7bad3fed";;"Zend_Db_Adapter_Mysqli";"4350"
"Storage adapter for Db_Object
DVelum project http://code.google.com/p/dvelum/ , http://dvelum.net";"class";"6186";NULL;"8";"Db_Object_Store";;"0";"c1f32b97dae2d7f61b2c79869e61dcd6";"0";"2d7a0be50f2e6915489ee2d415f94786";;;"4351"
;"class";"6187";NULL;"8";"Db_Object_Acl";;"0";"51536294ab0b9fe04763f4a60670d156";"1";"c350e96bfbf4a64e221d7781a8690400";;;"4352"
"Db_Object information expert
Helps to findrelations between objects
DVelum project http://code.google.com/p/dvelum/ , http://dvelum.net";"class";"6188";NULL;"8";"Db_Object_Expert";;"0";"bc383e00c52f6df1e74342c2bcd2ed33";"0";"110dfeb21628512b045472dbbfcd9566";;;"4353"
;"class";"6190";NULL;"8";"Db_Object_Config_Translator";;"0";"be437dbe66cb08cbfe3b6d561c66aca9";"0";"adab0d03454c92948079d71b6c6df2a2";;;"4354"
"Db_Object Property class
Note: &#34;id&#34;property creates automatically
DVelum project http://code.google.com/p/dvelum/ , http://dvelum.net";"class";"6191";NULL;"8";"Db_Object_Property";;"0";"064ad8e01e3fb549effa1abaa7b0361c";"0";"ba260a49b1189568616c7f8812ba2a87";;;"4355"
"Builder for Db_object
DVelum project http://code.google.com/p/dvelum/ , http://dvelum.net";"class";"6192";NULL;"8";"Db_Object_Builder";;"0";"4c3792700bfdef01ec3998de7075ebd2";"0";"f8020ade035a188e168680479a669f1c";;;"4356"
"Import component, experimental class";"class";"6193";NULL;"8";"Db_Object_Import";;"0";"810f3b81d042bc943d87c70f2efc58c9";"0";"7c8da32fa7a36d275314d012dd96c496";;;"4357"
"Db_Object Manager class
DVelum project http://code.google.com/p/dvelum/ , http://dvelum.net";"class";"6194";NULL;"8";"Db_Object_Manager";;"0";"1f42f326ea14599aa2c77dbd52340342";"0";"395f4de20510e6568bd59af35d7f6dd5";;;"4358"
"Db_Object structure config
DVelum project http://code.google.com/p/dvelum/ , http://dvelum.net";"class";"6195";NULL;"8";"Db_Object_Config";;"0";"44ee788fdef812dab4ff7ea4cc4623bc";"0";"13704c383c197fd4148cf94717443bf5";;;"4359"
"Abstract class for event managing
DVelum project http://code.google.com/p/dvelum/ , http://dvelum.net";"class";"6197";NULL;"8";"Db_Object_Event_Manager";;"0";"26b27e43884696423352a721b273a527";"1";"df75d5bfe471982712bf34d712935e41";;;"4360"
"A class that contains methods for working with filesystem";"class";"6198";NULL;"8";"File";;"0";"61923460566083351a5cf1f5fd459869";"0";"88c924fae3eeba3dbfd55b84246f3f74";;;"4361"
;"class";"6200";NULL;"8";"Template_Storage";;"0";"c4c0cb5b78ef9cd670790a49f6ebf209";"0";"924bc459873438e90d1c0726ec4dc4bb";;;"4362"
"Application response class";"class";"6201";NULL;"8";"Response";;"0";"11ea236059479d053c2f13bf8153c187";"0";"4826343566fe17c91b2564500b395673";;;"4363"
;"class";"6202";NULL;"8";"Export";;"0";"e6237e0f4036f1a83e3f1f0d68135af2";"0";"8e916b4cab28d8f3e406bfcecc69905a";;;"4364"
"Security_Csrf class handles creation and validation 
of tokens aimed at anti-CSRF protection.";"class";"6204";NULL;"8";"Security_Csrf";;"0";"c573c914dcff8c0c3ad2ef7bfb7db42d";"0";"8626fcf44c791e231c1bd0b1f0d15a2a";;;"4365"
